股票名称,股票代码,日期,开盘,收盘,最高,最低,成交量,成交额,振幅,涨跌幅,涨跌额,换手率
爱克斯龙电力,EXC,2019-09-25,42.58,42.8,42.84,42.27,4524984,220903819.0,0.0,0.0,0.0,0.47
爱克斯龙电力,EXC,2019-09-26,42.84,42.97,43.11,42.56,3835849,188334308.0,1.29,0.4,0.17,0.39
爱克斯龙电力,EXC,2019-09-27,43.02,42.37,43.02,42.07,4642651,225684863.0,2.21,-1.4,-0.6,0.48
爱克斯龙电力,EXC,2019-09-30,42.38,42.1,42.59,42.01,3896367,188573444.0,1.37,-0.64,-0.27,0.4
爱克斯龙电力,EXC,2019-10-01,42.03,41.77,42.14,41.6,5159389,247773120.0,1.28,-0.78,-0.33,0.53
爱克斯龙电力,EXC,2019-10-02,41.84,41.41,41.9,41.32,4863651,232099835.0,1.39,-0.86,-0.36,0.5
爱克斯龙电力,EXC,2019-10-03,41.53,41.51,41.57,41.14,5213465,248362206.0,1.04,0.24,0.1,0.54
爱克斯龙电力,EXC,2019-10-04,41.74,42.24,42.28,41.45,3355982,161600897.0,2.0,1.76,0.73,0.35
爱克斯龙电力,EXC,2019-10-07,42.02,42.25,42.37,41.77,4797066,232241852.0,1.42,0.02,0.01,0.49
爱克斯龙电力,EXC,2019-10-08,41.96,41.56,42.24,41.54,4383417,210213342.0,1.66,-1.63,-0.69,0.45
爱克斯龙电力,EXC,2019-10-09,41.54,41.7,41.9,41.39,3058461,146417918.0,1.23,0.34,0.14,0.31
爱克斯龙电力,EXC,2019-10-10,41.47,41.21,41.52,40.88,4939511,234281133.0,1.53,-1.18,-0.49,0.51
爱克斯龙电力,EXC,2019-10-11,41.34,41.3,41.73,41.23,4412974,210391938.0,1.21,0.22,0.09,0.45
爱克斯龙电力,EXC,2019-10-14,41.4,40.9,41.45,40.69,2668611,125656998.0,1.84,-0.97,-0.4,0.27
爱克斯龙电力,EXC,2019-10-15,40.92,40.85,41.16,40.72,3484568,164217212.0,1.08,-0.12,-0.05,0.36
爱克斯龙电力,EXC,2019-10-16,40.54,38.7,40.54,38.53,11581451,525672352.0,4.92,-5.26,-2.15,1.19
爱克斯龙电力,EXC,2019-10-17,38.09,37.85,38.17,37.21,19581502,860871088.0,2.48,-2.2,-0.85,2.01
爱克斯龙电力,EXC,2019-10-18,37.79,38.46,38.56,37.71,20319079,904600576.0,2.25,1.61,0.61,2.09
爱克斯龙电力,EXC,2019-10-21,38.57,38.5,38.67,38.24,7404476,330904064.0,1.12,0.1,0.04,0.76
爱克斯龙电力,EXC,2019-10-22,38.76,39.04,39.06,38.38,8683914,391431104.0,1.77,1.4,0.54,0.89
爱克斯龙电力,EXC,2019-10-23,39.3,39.44,39.58,38.95,8714396,396987408.0,1.61,1.02,0.4,0.9
爱克斯龙电力,EXC,2019-10-24,39.35,39.97,40.05,39.35,6880195,317249376.0,1.77,1.34,0.53,0.71
爱克斯龙电力,EXC,2019-10-25,39.91,39.68,40.03,39.4,6409170,294077488.0,1.58,-0.73,-0.29,0.66
爱克斯龙电力,EXC,2019-10-28,39.62,39.39,39.68,39.23,6367709,290576080.0,1.13,-0.73,-0.29,0.66
爱克斯龙电力,EXC,2019-10-29,39.37,39.65,39.76,39.16,5574929,255134524.0,1.52,0.66,0.26,0.57
爱克斯龙电力,EXC,2019-10-30,39.61,40.45,40.46,39.53,7578278,351562000.0,2.35,2.02,0.8,0.78
爱克斯龙电力,EXC,2019-10-31,40.29,39.28,40.47,38.92,8266893,377803376.0,3.83,-2.89,-1.17,0.85
爱克斯龙电力,EXC,2019-11-01,39.23,39.13,39.71,39.03,5639392,256343910.0,1.73,-0.38,-0.15,0.58
爱克斯龙电力,EXC,2019-11-04,39.24,38.29,39.32,38.07,6965433,311752784.0,3.19,-2.15,-0.84,0.72
爱克斯龙电力,EXC,2019-11-05,38.27,38.57,38.78,38.1,7036880,314369744.0,1.78,0.73,0.28,0.72
爱克斯龙电力,EXC,2019-11-06,38.61,38.61,38.92,38.43,6254659,280445136.0,1.27,0.1,0.04,0.64
爱克斯龙电力,EXC,2019-11-07,38.4,38.49,38.58,38.14,4818394,214871461.0,1.14,-0.31,-0.12,0.5
爱克斯龙电力,EXC,2019-11-08,38.36,38.5,38.66,38.15,4156716,185778886.0,1.33,0.03,0.01,0.43
爱克斯龙电力,EXC,2019-11-11,38.46,37.81,38.5,37.71,3668192,161808900.0,2.05,-1.79,-0.69,0.38
爱克斯龙电力,EXC,2019-11-12,37.81,38.11,38.32,37.75,4475892,198481613.0,1.51,0.79,0.3,0.46
爱克斯龙电力,EXC,2019-11-13,38.19,38.29,38.58,38.11,4515987,201251969.0,1.23,0.47,0.18,0.46
爱克斯龙电力,EXC,2019-11-14,38.27,38.78,38.81,38.17,4798472,213635266.0,1.67,1.28,0.49,0.49
爱克斯龙电力,EXC,2019-11-15,38.95,39.17,39.19,38.66,4607847,206937851.0,1.37,1.01,0.39,0.47
爱克斯龙电力,EXC,2019-11-18,39.33,39.56,39.75,39.12,6322149,286707056.0,1.61,1.0,0.39,0.65
爱克斯龙电力,EXC,2019-11-19,39.66,39.52,39.99,39.41,9678971,440676336.0,1.47,-0.1,-0.04,1.0
爱克斯龙电力,EXC,2019-11-20,39.35,39.51,39.59,38.68,25359895,1148375808.0,2.3,-0.03,-0.01,2.61
爱克斯龙电力,EXC,2019-11-21,39.35,38.54,39.51,38.41,8430571,375457104.0,2.78,-2.46,-0.97,0.87
爱克斯龙电力,EXC,2019-11-22,38.72,38.58,38.74,38.22,5850030,259566103.0,1.35,0.1,0.04,0.6
爱克斯龙电力,EXC,2019-11-25,38.58,38.32,38.75,38.26,8003403,354071472.0,1.27,-0.67,-0.26,0.82
爱克斯龙电力,EXC,2019-11-26,38.25,38.16,38.4,37.96,11003558,487780384.0,1.15,-0.42,-0.16,1.13
爱克斯龙电力,EXC,2019-11-27,38.25,38.42,38.48,37.97,4185024,184697597.0,1.34,0.68,0.26,0.43
爱克斯龙电力,EXC,2019-11-29,38.48,38.55,38.77,38.35,3903514,173303968.0,1.09,0.34,0.13,0.4
爱克斯龙电力,EXC,2019-12-02,38.45,38.06,38.57,38.0,7091052,312233648.0,1.48,-1.27,-0.49,0.73
爱克斯龙电力,EXC,2019-12-03,38.33,38.41,38.46,37.96,7266044,320350624.0,1.31,0.92,0.35,0.75
爱克斯龙电力,EXC,2019-12-04,38.24,38.69,38.82,38.19,5136342,228500800.0,1.64,0.73,0.28,0.53
爱克斯龙电力,EXC,2019-12-05,38.8,39.01,39.04,38.39,5841061,260999544.0,1.68,0.83,0.32,0.6
爱克斯龙电力,EXC,2019-12-06,38.99,39.01,39.45,38.76,4442782,199856520.0,1.77,0.0,0.0,0.46
爱克斯龙电力,EXC,2019-12-09,39.06,39.08,39.19,38.83,3425429,153855396.0,0.92,0.18,0.07,0.35
爱克斯龙电力,EXC,2019-12-10,39.2,38.87,39.3,38.83,5683602,254738292.0,1.2,-0.54,-0.21,0.58
爱克斯龙电力,EXC,2019-12-11,38.64,38.35,38.78,38.16,5592455,247648580.0,1.6,-1.34,-0.52,0.58
爱克斯龙电力,EXC,2019-12-12,38.4,38.25,38.69,37.96,6879129,303631536.0,1.9,-0.26,-0.1,0.71
爱克斯龙电力,EXC,2019-12-13,38.25,37.97,38.28,37.72,7198817,315673616.0,1.46,-0.73,-0.28,0.74
爱克斯龙电力,EXC,2019-12-16,38.14,38.85,38.91,38.1,7291862,323978944.0,2.13,2.32,0.88,0.75
爱克斯龙电力,EXC,2019-12-17,39.07,39.13,39.24,38.58,7252828,325872016.0,1.7,0.72,0.28,0.75
爱克斯龙电力,EXC,2019-12-18,39.3,39.52,39.55,38.62,6446267,290862592.0,2.38,1.0,0.39,0.66
爱克斯龙电力,EXC,2019-12-19,39.41,39.13,39.55,38.55,9138667,409722448.0,2.53,-0.99,-0.39,0.94
爱克斯龙电力,EXC,2019-12-20,39.5,39.6,39.88,39.13,11962672,543711968.0,1.92,1.2,0.47,1.23
爱克斯龙电力,EXC,2019-12-23,39.6,39.35,39.74,38.99,6660217,300527952.0,1.89,-0.63,-0.25,0.69
爱克斯龙电力,EXC,2019-12-24,39.43,39.47,39.59,39.24,1960805,88811192.0,0.89,0.3,0.12,0.2
爱克斯龙电力,EXC,2019-12-26,39.34,39.47,39.67,39.29,3432021,155484836.0,0.96,0.0,0.0,0.35
爱克斯龙电力,EXC,2019-12-27,39.55,39.56,39.68,39.3,3493542,158434065.0,0.96,0.23,0.09,0.36
爱克斯龙电力,EXC,2019-12-30,39.55,39.53,39.86,39.39,3621033,164356393.0,1.19,-0.08,-0.03,0.37
爱克斯龙电力,EXC,2019-12-31,39.54,39.74,39.79,39.33,3691353,167766120.0,1.16,0.53,0.21,0.38
爱克斯龙电力,EXC,2020-01-02,39.93,39.58,39.93,39.4,4888826,227704646.0,1.33,-0.4,-0.16,0.5
爱克斯龙电力,EXC,2020-01-03,39.48,39.72,39.92,39.47,5385573,245399005.0,1.14,0.35,0.14,0.55
爱克斯龙电力,EXC,2020-01-06,39.69,39.79,39.91,39.54,5551464,253099806.0,0.93,0.18,0.07,0.57
爱克斯龙电力,EXC,2020-01-07,39.68,39.83,39.84,39.27,6777396,308364144.0,1.43,0.1,0.04,0.7
爱克斯龙电力,EXC,2020-01-08,39.83,40.16,40.33,39.78,6139503,282235936.0,1.38,0.83,0.33,0.63
爱克斯龙电力,EXC,2020-01-09,40.07,40.3,40.34,39.73,5320854,245068563.0,1.52,0.35,0.14,0.55
爱克斯龙电力,EXC,2020-01-10,40.45,40.41,40.58,40.27,5738539,265690967.0,0.77,0.27,0.11,0.59
爱克斯龙电力,EXC,2020-01-13,40.38,40.34,40.73,40.27,6653880,308079840.0,1.14,-0.17,-0.07,0.68
爱克斯龙电力,EXC,2020-01-14,40.24,39.96,40.25,39.72,6279667,287391344.0,1.31,-0.94,-0.38,0.65
爱克斯龙电力,EXC,2020-01-15,40.2,40.7,41.06,40.16,5877284,273794656.0,2.25,1.85,0.74,0.6
爱克斯龙电力,EXC,2020-01-16,40.8,40.89,41.18,40.7,5763883,269303456.0,1.18,0.47,0.19,0.59
爱克斯龙电力,EXC,2020-01-17,41.11,41.54,41.62,40.88,7566295,357442912.0,1.81,1.59,0.65,0.78
爱克斯龙电力,EXC,2020-01-21,41.59,41.73,41.76,41.38,5097360,241927566.0,0.91,0.46,0.19,0.52
爱克斯龙电力,EXC,2020-01-22,41.72,41.81,42.06,41.65,8751545,417615344.0,0.98,0.19,0.08,0.9
爱克斯龙电力,EXC,2020-01-23,41.82,42.1,42.15,41.59,6076021,290367072.0,1.34,0.69,0.29,0.62
爱克斯龙电力,EXC,2020-01-24,42.0,41.88,42.32,41.7,4801223,229400590.0,1.47,-0.52,-0.22,0.49
爱克斯龙电力,EXC,2020-01-27,41.91,41.42,42.32,41.34,5451092,258486548.0,2.34,-1.1,-0.46,0.56
爱克斯龙电力,EXC,2020-01-28,41.41,41.88,42.06,41.38,5118538,244199365.0,1.64,1.11,0.46,0.53
爱克斯龙电力,EXC,2020-01-29,41.81,41.96,42.43,41.73,6526332,312750800.0,1.67,0.19,0.08,0.67
爱克斯龙电力,EXC,2020-01-30,41.77,42.21,42.3,41.55,5240488,250306952.0,1.79,0.6,0.25,0.54
爱克斯龙电力,EXC,2020-01-31,42.15,41.74,42.31,41.4,6880671,327414944.0,2.16,-1.11,-0.47,0.71
爱克斯龙电力,EXC,2020-02-03,41.83,42.35,42.45,41.75,6122899,294587840.0,1.68,1.46,0.61,0.63
爱克斯龙电力,EXC,2020-02-04,42.26,42.24,42.66,42.04,6091442,293814112.0,1.46,-0.26,-0.11,0.63
爱克斯龙电力,EXC,2020-02-05,42.16,42.48,42.59,41.97,5062968,244521882.0,1.47,0.57,0.24,0.52
爱克斯龙电力,EXC,2020-02-06,42.5,42.41,42.72,42.35,4162485,201233652.0,0.87,-0.16,-0.07,0.43
爱克斯龙电力,EXC,2020-02-07,42.52,42.34,42.73,42.3,4831435,233455022.0,1.01,-0.17,-0.07,0.5
爱克斯龙电力,EXC,2020-02-10,42.44,42.46,42.51,42.21,4227498,204031797.0,0.71,0.28,0.12,0.43
爱克斯龙电力,EXC,2020-02-11,42.46,43.49,43.62,42.46,6187445,304552384.0,2.73,2.43,1.03,0.64
爱克斯龙电力,EXC,2020-02-12,43.59,43.41,43.77,43.16,5279708,260545870.0,1.4,-0.18,-0.08,0.54
爱克斯龙电力,EXC,2020-02-13,43.6,43.72,43.85,43.36,5165541,255850012.0,1.13,0.71,0.31,0.53
爱克斯龙电力,EXC,2020-02-14,43.75,43.91,43.93,43.48,3643068,180800908.0,1.03,0.43,0.19,0.37
爱克斯龙电力,EXC,2020-02-18,44.07,44.53,44.69,43.8,5163076,259658723.0,2.03,1.41,0.62,0.53
爱克斯龙电力,EXC,2020-02-19,44.36,44.13,44.57,43.93,4023511,199460839.0,1.44,-0.9,-0.4,0.41
爱克斯龙电力,EXC,2020-02-20,44.01,44.38,44.46,43.95,3745514,186512677.0,1.16,0.57,0.25,0.38
爱克斯龙电力,EXC,2020-02-21,44.37,44.25,44.57,44.18,7352332,365991808.0,0.88,-0.29,-0.13,0.75
爱克斯龙电力,EXC,2020-02-24,44.58,43.35,45.0,43.33,5989460,295043840.0,3.77,-2.03,-0.9,0.61
爱克斯龙电力,EXC,2020-02-25,43.3,42.16,43.41,42.04,7610224,364945680.0,3.16,-2.75,-1.19,0.78
爱克斯龙电力,EXC,2020-02-26,42.72,41.58,42.83,41.56,6901530,328095104.0,3.01,-1.38,-0.58,0.71
爱克斯龙电力,EXC,2020-02-27,41.64,39.67,41.67,39.65,8275434,381666992.0,4.86,-4.59,-1.91,0.85
爱克斯龙电力,EXC,2020-02-28,38.87,37.64,38.89,36.85,14879090,640114304.0,5.14,-5.12,-2.03,1.53
爱克斯龙电力,EXC,2020-03-02,37.72,39.96,39.97,37.43,9653778,429466784.0,6.75,6.16,2.32,0.99
爱克斯龙电力,EXC,2020-03-03,39.61,38.72,41.11,38.57,11652224,524313920.0,6.36,-3.1,-1.24,1.2
爱克斯龙电力,EXC,2020-03-04,39.14,41.35,41.4,39.04,8139821,375004784.0,6.1,6.79,2.63,0.84
爱克斯龙电力,EXC,2020-03-05,40.28,40.66,40.92,39.82,8488883,389498272.0,2.66,-1.67,-0.69,0.87
爱克斯龙电力,EXC,2020-03-06,38.54,39.7,39.9,38.09,9421638,420856688.0,4.45,-2.36,-0.96,0.97
爱克斯龙电力,EXC,2020-03-09,37.52,36.44,39.14,35.66,12448042,524456704.0,8.77,-8.21,-3.26,1.28
爱克斯龙电力,EXC,2020-03-10,37.21,37.65,38.21,35.41,13291561,563102400.0,7.68,3.32,1.21,1.36
爱克斯龙电力,EXC,2020-03-11,36.61,34.34,36.61,33.9,9143220,369023152.0,7.2,-8.79,-3.31,0.94
爱克斯龙电力,EXC,2020-03-12,32.03,29.8,32.76,28.96,13262278,476830560.0,11.07,-13.22,-4.54,1.36
爱克斯龙电力,EXC,2020-03-13,30.68,30.89,32.53,28.63,11414572,408778560.0,13.09,3.66,1.09,1.17
爱克斯龙电力,EXC,2020-03-16,27.7,25.04,30.12,24.31,8626644,274923664.0,18.81,-18.94,-5.85,0.89
爱克斯龙电力,EXC,2020-03-17,25.81,30.53,30.78,23.95,13613677,449751376.0,27.28,21.92,5.49,1.4
爱克斯龙电力,EXC,2020-03-18,28.38,27.57,29.26,25.45,9679988,316207808.0,12.48,-9.7,-2.96,0.99
爱克斯龙电力,EXC,2020-03-19,27.51,26.94,28.87,25.04,7480928,243348454.0,13.89,-2.29,-0.63,0.77
爱克斯龙电力,EXC,2020-03-20,27.2,25.53,28.01,25.35,8645011,276963216.0,9.87,-5.23,-1.41,0.89
爱克斯龙电力,EXC,2020-03-23,25.98,24.51,26.47,23.81,9696507,294293776.0,10.42,-4.0,-1.02,1.0
爱克斯龙电力,EXC,2020-03-24,25.99,29.04,29.1,25.89,11154265,368435600.0,13.1,18.48,4.53,1.15
爱克斯龙电力,EXC,2020-03-25,28.56,29.08,30.84,27.73,9018783,314897888.0,10.71,0.14,0.04,0.93
爱克斯龙电力,EXC,2020-03-26,29.1,31.12,31.52,28.79,6956192,251433449.0,9.39,7.02,2.04,0.71
爱克斯龙电力,EXC,2020-03-27,29.53,30.03,31.4,29.21,6617432,235503155.0,7.04,-3.5,-1.09,0.68
爱克斯龙电力,EXC,2020-03-30,30.22,31.76,32.01,30.03,7186313,264619328.0,6.59,5.76,1.73,0.74
爱克斯龙电力,EXC,2020-03-31,31.33,31.34,32.49,30.76,10591886,394278384.0,5.45,-1.32,-0.42,1.09
爱克斯龙电力,EXC,2020-04-01,29.73,28.01,30.31,27.47,5835527,197782885.0,9.06,-10.63,-3.33,0.6
爱克斯龙电力,EXC,2020-04-02,27.91,29.21,29.82,27.49,4312191,148294338.0,8.32,4.28,1.2,0.44
爱克斯龙电力,EXC,2020-04-03,28.72,27.28,28.98,26.92,6410809,211696275.0,7.05,-6.61,-1.93,0.66
爱克斯龙电力,EXC,2020-04-06,28.65,30.85,31.13,28.6,6897630,246900911.0,9.27,13.09,3.57,0.71
爱克斯龙电力,EXC,2020-04-07,32.09,30.32,32.42,30.18,6199445,226918774.0,7.26,-1.72,-0.53,0.64
爱克斯龙电力,EXC,2020-04-08,30.33,32.12,32.46,30.11,6604571,244560784.0,7.75,5.94,1.8,0.68
爱克斯龙电力,EXC,2020-04-09,32.5,33.68,34.36,32.5,9360912,366315648.0,5.79,4.86,1.56,0.96
爱克斯龙电力,EXC,2020-04-13,34.2,32.28,34.2,31.73,5644183,213081845.0,7.33,-4.16,-1.4,0.58
爱克斯龙电力,EXC,2020-04-14,33.39,33.6,33.67,32.64,5024277,194728950.0,3.19,4.09,1.32,0.52
爱克斯龙电力,EXC,2020-04-15,32.7,31.56,32.82,31.33,5905568,219361255.0,4.43,-6.07,-2.04,0.61
爱克斯龙电力,EXC,2020-04-16,31.68,31.63,32.15,30.95,4541469,167635369.0,3.8,0.22,0.07,0.47
爱克斯龙电力,EXC,2020-04-17,32.55,32.97,33.09,31.94,5713654,217662978.0,3.64,4.24,1.34,0.59
爱克斯龙电力,EXC,2020-04-20,32.19,31.6,32.38,31.55,4945686,184874199.0,2.52,-4.16,-1.37,0.51
爱克斯龙电力,EXC,2020-04-21,30.87,30.21,31.24,29.75,7887708,281916208.0,4.72,-4.4,-1.39,0.81
爱克斯龙电力,EXC,2020-04-22,31.21,31.73,32.13,30.55,4088437,151374172.0,5.23,5.03,1.52,0.42
爱克斯龙电力,EXC,2020-04-23,31.54,30.85,32.15,30.48,4590502,167782804.0,5.26,-2.77,-0.88,0.47
爱克斯龙电力,EXC,2020-04-24,31.13,31.13,31.43,30.4,5363082,195159472.0,3.34,0.91,0.28,0.55
爱克斯龙电力,EXC,2020-04-27,31.51,32.36,32.49,31.37,4128143,155366891.0,3.6,3.95,1.23,0.42
爱克斯龙电力,EXC,2020-04-28,32.61,32.37,33.56,32.1,6341407,241887164.0,4.51,0.03,0.01,0.65
爱克斯龙电力,EXC,2020-04-29,33.28,32.85,33.58,32.55,4590777,176702716.0,3.18,1.48,0.48,0.47
爱克斯龙电力,EXC,2020-04-30,32.48,31.61,33.39,31.21,4959089,184154741.0,6.64,-3.77,-1.24,0.51
爱克斯龙电力,EXC,2020-05-01,31.07,30.33,31.38,30.02,4856285,174011215.0,4.3,-4.05,-1.28,0.5
爱克斯龙电力,EXC,2020-05-04,30.34,29.98,30.38,29.39,6164626,217537898.0,3.26,-1.15,-0.35,0.63
爱克斯龙电力,EXC,2020-05-05,30.23,30.4,31.04,30.2,4835322,174617814.0,2.8,1.4,0.42,0.5
爱克斯龙电力,EXC,2020-05-06,30.53,29.01,30.59,28.97,5029585,175747663.0,5.33,-4.57,-1.39,0.52
爱克斯龙电力,EXC,2020-05-07,29.41,29.57,29.95,29.26,6580619,230770650.0,2.38,1.93,0.56,0.68
爱克斯龙电力,EXC,2020-05-08,29.82,31.96,32.01,29.71,8152826,300737008.0,7.78,8.08,2.39,0.84
爱克斯龙电力,EXC,2020-05-11,31.24,31.81,32.15,30.77,7221098,267659150.0,4.32,-0.47,-0.15,0.74
爱克斯龙电力,EXC,2020-05-12,31.48,31.36,32.09,31.26,7480773,276429472.0,2.61,-1.41,-0.45,0.77
爱克斯龙电力,EXC,2020-05-13,31.02,30.21,31.22,29.63,7339832,261656749.0,5.07,-3.67,-1.15,0.75
爱克斯龙电力,EXC,2020-05-14,30.21,31.02,31.27,29.59,6312472,225505391.0,5.56,2.68,0.81,0.65
爱克斯龙电力,EXC,2020-05-15,30.53,30.21,30.82,29.53,11716680,412546480.0,4.16,-2.61,-0.81,1.2
爱克斯龙电力,EXC,2020-05-18,31.24,32.46,32.76,30.94,6308801,235901035.0,6.02,7.45,2.25,0.65
爱克斯龙电力,EXC,2020-05-19,32.02,31.63,32.27,31.6,5307056,196361299.0,2.06,-2.56,-0.83,0.54
爱克斯龙电力,EXC,2020-05-20,31.8,31.89,32.39,31.77,4932493,183095877.0,1.96,0.82,0.26,0.51
爱克斯龙电力,EXC,2020-05-21,31.71,31.36,32.07,31.31,4355842,159596064.0,2.38,-1.66,-0.53,0.45
爱克斯龙电力,EXC,2020-05-22,31.28,31.77,31.8,31.2,3346695,122749016.0,1.91,1.31,0.41,0.34
爱克斯龙电力,EXC,2020-05-26,32.72,32.52,33.06,32.22,5702123,215647864.0,2.64,2.36,0.75,0.59
爱克斯龙电力,EXC,2020-05-27,33.12,32.86,33.45,32.3,6022784,227630249.0,3.54,1.05,0.34,0.62
爱克斯龙电力,EXC,2020-05-28,33.32,33.18,33.63,32.77,7015997,268430178.0,2.62,0.97,0.32,0.72
爱克斯龙电力,EXC,2020-05-29,33.29,33.23,33.56,32.47,6967012,265611831.0,3.29,0.15,0.05,0.72
爱克斯龙电力,EXC,2020-06-01,33.24,33.76,33.88,33.1,3819504,147593757.0,2.35,1.59,0.53,0.39
爱克斯龙电力,EXC,2020-06-02,33.85,33.85,33.98,33.29,4064036,157829415.0,2.04,0.27,0.09,0.42
爱克斯龙电力,EXC,2020-06-03,34.19,34.83,34.97,34.07,4571659,182087808.0,2.66,2.9,0.98,0.47
爱克斯龙电力,EXC,2020-06-04,34.79,33.9,34.81,33.55,5772803,225379609.0,3.62,-2.67,-0.93,0.59
爱克斯龙电力,EXC,2020-06-05,34.83,35.28,36.09,34.43,5583237,226638619.0,4.9,4.07,1.38,0.57
爱克斯龙电力,EXC,2020-06-08,35.59,36.78,36.88,35.24,5281885,219036428.0,4.65,4.25,1.5,0.54
爱克斯龙电力,EXC,2020-06-09,36.08,35.43,36.26,35.2,8203885,333120064.0,2.88,-3.67,-1.35,0.84
爱克斯龙电力,EXC,2020-06-10,35.85,34.92,35.92,34.63,8305031,333651232.0,3.64,-1.44,-0.51,0.85
爱克斯龙电力,EXC,2020-06-11,34.34,32.97,34.46,32.64,11119672,425487184.0,5.21,-5.58,-1.95,1.14
爱克斯龙电力,EXC,2020-06-12,33.59,32.83,33.76,32.35,7778060,295094432.0,4.28,-0.42,-0.14,0.8
爱克斯龙电力,EXC,2020-06-15,31.89,33.23,33.39,31.5,6095170,231232648.0,5.76,1.22,0.4,0.63
爱克斯龙电力,EXC,2020-06-16,34.19,33.51,34.67,33.14,5133493,199453166.0,4.6,0.84,0.28,0.53
爱克斯龙电力,EXC,2020-06-17,33.6,33.37,33.69,32.84,4872039,186918233.0,2.54,-0.42,-0.14,0.5
爱克斯龙电力,EXC,2020-06-18,33.06,33.12,33.2,32.73,4475268,170287388.0,1.41,-0.75,-0.25,0.46
爱克斯龙电力,EXC,2020-06-19,33.43,32.45,33.73,32.35,13309390,506513856.0,4.17,-2.02,-0.67,1.37
爱克斯龙电力,EXC,2020-06-22,32.25,32.49,32.76,31.97,4654735,174794185.0,2.43,0.12,0.04,0.48
爱克斯龙电力,EXC,2020-06-23,32.91,32.17,32.93,32.11,5470030,204653369.0,2.52,-0.98,-0.32,0.56
爱克斯龙电力,EXC,2020-06-24,31.73,31.39,32.09,31.17,6672610,244595167.0,2.86,-2.42,-0.78,0.68
爱克斯龙电力,EXC,2020-06-25,31.29,30.34,31.29,29.95,9148744,324105696.0,4.27,-3.35,-1.05,0.94
爱克斯龙电力,EXC,2020-06-26,30.36,29.63,30.51,29.41,9986463,347344560.0,3.63,-2.34,-0.71,1.02
爱克斯龙电力,EXC,2020-06-29,30.03,30.91,30.92,29.71,4852033,173295853.0,4.08,4.32,1.28,0.5
爱克斯龙电力,EXC,2020-06-30,30.62,31.21,31.48,30.51,5137733,186121197.0,3.14,0.97,0.3,0.53
爱克斯龙电力,EXC,2020-07-01,31.07,32.28,32.41,30.96,5670469,210430474.0,4.65,3.43,1.07,0.58
爱克斯龙电力,EXC,2020-07-02,32.45,32.4,32.96,32.29,4309703,162329873.0,2.08,0.37,0.12,0.44
爱克斯龙电力,EXC,2020-07-06,32.7,32.32,33.06,31.95,3811085,142494283.0,3.43,-0.25,-0.08,0.39
爱克斯龙电力,EXC,2020-07-07,31.84,31.92,32.0,31.44,4866767,179449810.0,1.73,-1.24,-0.4,0.5
爱克斯龙电力,EXC,2020-07-08,31.96,32.07,32.19,31.44,4420077,163232182.0,2.35,0.47,0.15,0.45
爱克斯龙电力,EXC,2020-07-09,31.83,31.54,31.95,30.81,5430201,198111594.0,3.55,-1.65,-0.53,0.56
爱克斯龙电力,EXC,2020-07-10,31.64,32.31,32.44,31.43,3865740,143955869.0,3.2,2.44,0.77,0.4
爱克斯龙电力,EXC,2020-07-13,32.27,32.39,32.65,32.02,5701839,213586084.0,1.95,0.25,0.08,0.59
爱克斯龙电力,EXC,2020-07-14,32.14,32.79,32.99,32.14,7244238,273436816.0,2.62,1.23,0.4,0.74
爱克斯龙电力,EXC,2020-07-15,33.03,32.97,33.51,32.83,5090299,194355411.0,2.07,0.55,0.18,0.52
爱克斯龙电力,EXC,2020-07-16,33.01,32.98,33.33,32.74,4157983,158526988.0,1.79,0.03,0.01,0.43
爱克斯龙电力,EXC,2020-07-17,33.57,34.32,34.44,33.32,6946729,271464928.0,3.4,4.06,1.34,0.71
爱克斯龙电力,EXC,2020-07-20,34.0,33.24,34.17,33.04,5437350,209020478.0,3.29,-3.15,-1.08,0.56
爱克斯龙电力,EXC,2020-07-21,33.38,33.65,33.84,33.06,6951049,268963648.0,2.35,1.23,0.41,0.71
爱克斯龙电力,EXC,2020-07-22,33.17,33.91,33.95,32.75,10427107,404554976.0,3.57,0.77,0.26,1.07
爱克斯龙电力,EXC,2020-07-23,33.97,33.56,34.22,33.34,6242199,241876490.0,2.6,-1.03,-0.35,0.64
爱克斯龙电力,EXC,2020-07-24,33.4,32.72,33.85,32.43,5426154,206008445.0,4.23,-2.5,-0.84,0.56
爱克斯龙电力,EXC,2020-07-27,32.75,32.5,32.92,31.96,5770085,215802046.0,2.93,-0.67,-0.22,0.59
爱克斯龙电力,EXC,2020-07-28,32.4,32.89,33.51,32.33,6857269,261125064.0,3.63,1.2,0.39,0.7
爱克斯龙电力,EXC,2020-07-29,32.94,33.48,33.49,32.72,5405067,206714791.0,2.34,1.79,0.59,0.55
爱克斯龙电力,EXC,2020-07-30,32.97,33.39,33.42,32.48,4250583,162470611.0,2.81,-0.27,-0.09,0.44
爱克斯龙电力,EXC,2020-07-31,33.23,33.53,33.55,32.87,9205194,353392016.0,2.04,0.42,0.14,0.94
爱克斯龙电力,EXC,2020-08-03,33.3,32.91,33.37,32.62,4724055,179639368.0,2.24,-1.85,-0.62,0.48
爱克斯龙电力,EXC,2020-08-04,32.48,33.67,33.85,32.26,7111962,273216464.0,4.83,2.31,0.76,0.73
爱克斯龙电力,EXC,2020-08-05,33.61,32.64,33.84,32.43,5287948,200436624.0,4.19,-3.06,-1.03,0.54
爱克斯龙电力,EXC,2020-08-06,32.57,32.82,32.87,32.27,4525757,170997737.0,1.84,0.55,0.18,0.46
爱克斯龙电力,EXC,2020-08-07,32.82,33.85,33.98,32.66,6261929,242314093.0,4.02,3.14,1.03,0.64
爱克斯龙电力,EXC,2020-08-10,33.86,33.23,34.21,32.87,7763990,298508864.0,3.96,-1.83,-0.62,0.8
爱克斯龙电力,EXC,2020-08-11,33.46,32.82,33.67,32.64,6477580,246324823.0,3.1,-1.23,-0.41,0.66
爱克斯龙电力,EXC,2020-08-12,32.92,33.63,33.85,32.83,4890535,188977874.0,3.11,2.47,0.81,0.5
爱克斯龙电力,EXC,2020-08-13,33.47,33.24,33.57,33.03,4095387,155565345.0,1.61,-1.16,-0.39,0.42
爱克斯龙电力,EXC,2020-08-14,33.05,33.23,33.32,32.85,3313704,125532220.0,1.41,-0.03,-0.01,0.34
爱克斯龙电力,EXC,2020-08-17,32.89,32.64,33.02,32.45,7655685,286134752.0,1.72,-1.78,-0.59,0.79
爱克斯龙电力,EXC,2020-08-18,32.72,32.37,32.91,32.19,4123642,153154939.0,2.21,-0.83,-0.27,0.42
爱克斯龙电力,EXC,2020-08-19,32.47,32.32,32.7,32.19,4590506,170092543.0,1.58,-0.15,-0.05,0.47
爱克斯龙电力,EXC,2020-08-20,32.5,31.61,32.54,31.58,3633104,132569042.0,2.97,-2.2,-0.71,0.37
爱克斯龙电力,EXC,2020-08-21,31.75,31.82,31.89,31.27,6336109,230438313.0,1.96,0.66,0.21,0.65
爱克斯龙电力,EXC,2020-08-24,32.11,32.99,33.04,31.84,5732081,214185052.0,3.77,3.68,1.17,0.59
爱克斯龙电力,EXC,2020-08-25,33.08,32.43,33.1,32.15,3815976,141870159.0,2.88,-1.7,-0.56,0.39
爱克斯龙电力,EXC,2020-08-26,32.31,32.58,32.6,31.85,6602568,244930890.0,2.31,0.46,0.15,0.68
爱克斯龙电力,EXC,2020-08-27,32.45,32.19,32.87,31.98,5470192,202174825.0,2.73,-1.2,-0.39,0.56
爱克斯龙电力,EXC,2020-08-28,32.2,32.34,32.36,31.95,3930978,144988889.0,1.27,0.47,0.15,0.4
爱克斯龙电力,EXC,2020-08-31,32.05,32.21,32.61,32.05,3984153,147342784.0,1.73,-0.4,-0.13,0.41
爱克斯龙电力,EXC,2020-09-01,32.0,31.63,32.05,31.42,4373858,158935710.0,1.96,-1.8,-0.58,0.45
爱克斯龙电力,EXC,2020-09-02,32.07,33.33,33.53,31.55,9580882,360492736.0,6.26,5.37,1.7,0.98
爱克斯龙电力,EXC,2020-09-03,33.34,32.59,33.65,32.14,8410014,316024880.0,4.53,-2.22,-0.74,0.86
爱克斯龙电力,EXC,2020-09-04,32.83,32.39,33.0,31.94,5989735,222591772.0,3.25,-0.61,-0.2,0.61
爱克斯龙电力,EXC,2020-09-08,32.07,31.72,32.39,31.37,6070600,221113715.0,3.15,-2.07,-0.67,0.62
爱克斯龙电力,EXC,2020-09-09,32.1,31.97,32.41,31.84,4467937,164355682.0,1.8,0.79,0.25,0.46
爱克斯龙电力,EXC,2020-09-10,31.97,31.14,31.97,31.02,6101963,220100637.0,2.97,-2.6,-0.83,0.63
爱克斯龙电力,EXC,2020-09-11,31.3,31.13,31.35,30.92,4602052,165005272.0,1.38,-0.03,-0.01,0.47
爱克斯龙电力,EXC,2020-09-14,31.0,31.56,31.79,30.94,3664322,132980768.0,2.73,1.38,0.43,0.38
爱克斯龙电力,EXC,2020-09-15,31.72,31.47,32.16,31.29,3310756,120402443.0,2.76,-0.29,-0.09,0.34
爱克斯龙电力,EXC,2020-09-16,31.39,31.56,32.08,31.21,5631380,205205489.0,2.76,0.29,0.09,0.58
爱克斯龙电力,EXC,2020-09-17,31.27,31.23,31.3,30.73,7085210,253399659.0,1.81,-1.05,-0.33,0.73
爱克斯龙电力,EXC,2020-09-18,31.26,30.37,31.31,30.14,8477076,299976816.0,3.75,-2.75,-0.86,0.87
爱克斯龙电力,EXC,2020-09-21,29.94,30.05,30.09,29.31,5216869,180288090.0,2.57,-1.05,-0.32,0.54
爱克斯龙电力,EXC,2020-09-22,30.21,30.51,30.69,30.11,4448856,156478035.0,1.93,1.53,0.46,0.46
爱克斯龙电力,EXC,2020-09-23,30.48,29.78,30.69,29.7,5043841,175527053.0,3.24,-2.39,-0.73,0.52
爱克斯龙电力,EXC,2020-09-24,29.61,30.11,30.45,29.27,4594920,159198483.0,3.96,1.11,0.33,0.47
爱克斯龙电力,EXC,2020-09-25,29.98,30.82,30.94,29.74,5196554,183404353.0,3.99,2.36,0.71,0.53
爱克斯龙电力,EXC,2020-09-28,31.12,31.04,31.53,30.94,4661643,167223891.0,1.91,0.71,0.22,0.48
爱克斯龙电力,EXC,2020-09-29,31.14,30.62,31.24,30.45,3278925,116255368.0,2.55,-1.35,-0.42,0.34
爱克斯龙电力,EXC,2020-09-30,30.95,31.06,31.41,30.81,7059208,252591374.0,1.96,1.44,0.44,0.72
爱克斯龙电力,EXC,2020-10-01,31.21,31.13,31.45,30.84,4727194,169371252.0,1.96,0.23,0.07,0.48
爱克斯龙电力,EXC,2020-10-02,30.85,31.24,31.5,30.52,5178773,185922937.0,3.15,0.35,0.11,0.53
爱克斯龙电力,EXC,2020-10-05,31.35,32.09,32.19,31.03,4998176,182691299.0,3.71,2.72,0.85,0.51
爱克斯龙电力,EXC,2020-10-06,32.0,32.47,33.13,31.99,5710893,212560945.0,3.55,1.18,0.38,0.59
爱克斯龙电力,EXC,2020-10-07,32.68,33.15,33.25,32.56,6227860,234793911.0,2.13,2.09,0.68,0.64
爱克斯龙电力,EXC,2020-10-08,32.74,34.62,34.66,32.74,6929500,269550848.0,5.79,4.43,1.47,0.71
爱克斯龙电力,EXC,2020-10-09,35.79,34.5,35.92,34.22,6014484,236634772.0,4.91,-0.35,-0.12,0.62
爱克斯龙电力,EXC,2020-10-12,34.51,35.28,35.6,34.39,5940854,237136202.0,3.51,2.26,0.78,0.61
爱克斯龙电力,EXC,2020-10-13,36.2,36.28,36.42,35.22,12124401,492421184.0,3.4,2.83,1.0,1.24
爱克斯龙电力,EXC,2020-10-14,36.63,36.33,37.05,36.28,9089313,375048752.0,2.12,0.14,0.05,0.93
爱克斯龙电力,EXC,2020-10-15,35.74,36.7,36.78,35.62,5918793,243199354.0,3.19,1.02,0.37,0.61
爱克斯龙电力,EXC,2020-10-16,36.7,37.39,37.47,36.47,6516543,272836528.0,2.72,1.88,0.69,0.67
爱克斯龙电力,EXC,2020-10-19,37.17,37.16,37.59,37.1,8246954,346198160.0,1.31,-0.62,-0.23,0.85
爱克斯龙电力,EXC,2020-10-20,37.51,37.7,37.96,37.34,6113320,259274595.0,1.67,1.45,0.54,0.63
爱克斯龙电力,EXC,2020-10-21,37.59,37.44,38.07,37.42,4990413,211127206.0,1.72,-0.69,-0.26,0.51
爱克斯龙电力,EXC,2020-10-22,37.38,37.53,37.59,36.88,4844992,203551590.0,1.9,0.24,0.09,0.5
爱克斯龙电力,EXC,2020-10-23,37.88,37.5,37.95,37.25,4142908,174745670.0,1.87,-0.08,-0.03,0.42
爱克斯龙电力,EXC,2020-10-26,36.71,37.0,37.07,36.34,6386740,264871169.0,1.95,-1.33,-0.5,0.65
爱克斯龙电力,EXC,2020-10-27,36.92,36.45,37.31,36.44,5194860,215465626.0,2.35,-1.49,-0.55,0.53
爱克斯龙电力,EXC,2020-10-28,35.67,34.87,36.13,34.73,6321729,252370687.0,3.84,-4.33,-1.58,0.65
爱克斯龙电力,EXC,2020-10-29,34.48,35.46,35.87,34.1,5470756,218313013.0,5.08,1.69,0.59,0.56
爱克斯龙电力,EXC,2020-10-30,35.02,35.19,35.55,34.76,7071659,281646560.0,2.23,-0.76,-0.27,0.72
爱克斯龙电力,EXC,2020-11-02,35.81,36.26,36.28,35.24,5063709,206092754.0,2.96,3.04,1.07,0.52
爱克斯龙电力,EXC,2020-11-03,38.02,37.77,38.29,36.92,6441796,273624336.0,3.78,4.16,1.51,0.66
爱克斯龙电力,EXC,2020-11-04,37.99,37.52,38.24,36.95,8022245,340129824.0,3.42,-0.66,-0.25,0.82
爱克斯龙电力,EXC,2020-11-05,37.76,38.37,38.66,37.61,7379248,317474736.0,2.8,2.27,0.85,0.76
爱克斯龙电力,EXC,2020-11-06,38.24,38.14,38.47,37.91,8848182,379122704.0,1.46,-0.6,-0.23,0.91
爱克斯龙电力,EXC,2020-11-09,39.71,38.62,41.32,38.41,8128001,358115808.0,7.63,1.26,0.48,0.83
爱克斯龙电力,EXC,2020-11-10,38.57,38.29,38.97,38.22,10019998,433496224.0,1.94,-0.85,-0.33,1.03
爱克斯龙电力,EXC,2020-11-11,38.5,39.14,39.15,38.18,5882684,256067701.0,2.53,2.22,0.85,0.6
爱克斯龙电力,EXC,2020-11-12,38.75,38.0,38.93,37.69,5418055,232810276.0,3.17,-2.91,-1.14,0.56
爱克斯龙电力,EXC,2020-11-13,38.38,38.57,38.63,38.19,3668734,156941663.0,1.16,1.5,0.57,0.38
爱克斯龙电力,EXC,2020-11-16,38.89,39.02,39.19,38.31,4110897,177229407.0,2.28,1.17,0.45,0.42
爱克斯龙电力,EXC,2020-11-17,38.56,38.75,39.22,38.49,4676072,201917836.0,1.87,-0.69,-0.27,0.48
爱克斯龙电力,EXC,2020-11-18,38.87,38.38,39.06,38.36,5759432,248339630.0,1.81,-0.95,-0.37,0.59
爱克斯龙电力,EXC,2020-11-19,38.15,38.03,38.26,37.46,5376687,226723869.0,2.08,-0.91,-0.35,0.55
爱克斯龙电力,EXC,2020-11-20,37.92,37.55,38.24,37.46,4069937,171247128.0,2.05,-1.26,-0.48,0.42
爱克斯龙电力,EXC,2020-11-23,37.97,37.25,37.98,37.08,4373778,182130939.0,2.4,-0.8,-0.3,0.45
爱克斯龙电力,EXC,2020-11-24,37.74,38.43,38.49,37.55,4812111,204599516.0,2.52,3.17,1.18,0.49
爱克斯龙电力,EXC,2020-11-25,38.14,37.9,38.24,37.46,3368949,141778900.0,2.03,-1.38,-0.53,0.35
爱克斯龙电力,EXC,2020-11-27,37.92,37.42,37.99,37.27,1723438,72147438.0,1.9,-1.27,-0.48,0.18
爱克斯龙电力,EXC,2020-11-30,37.16,36.75,37.2,36.6,9445750,388302736.0,1.6,-1.79,-0.67,0.97
爱克斯龙电力,EXC,2020-12-01,37.0,36.93,37.56,36.78,5704755,235854405.0,2.12,0.49,0.18,0.58
爱克斯龙电力,EXC,2020-12-02,36.8,37.25,37.29,36.4,5152715,212921755.0,2.41,0.87,0.32,0.53
爱克斯龙电力,EXC,2020-12-03,36.98,36.73,37.33,36.48,4361370,179638499.0,2.28,-1.4,-0.52,0.45
爱克斯龙电力,EXC,2020-12-04,36.98,36.61,37.02,36.21,3546301,144971372.0,2.21,-0.33,-0.12,0.36
爱克斯龙电力,EXC,2020-12-07,36.38,36.88,37.13,36.34,3235857,133099028.0,2.16,0.74,0.27,0.33
爱克斯龙电力,EXC,2020-12-08,36.85,37.0,37.07,36.29,4130692,170204104.0,2.11,0.33,0.12,0.42
爱克斯龙电力,EXC,2020-12-09,36.96,36.77,37.15,36.65,4392419,180667887.0,1.35,-0.62,-0.23,0.45
爱克斯龙电力,EXC,2020-12-10,36.94,36.88,37.06,36.23,4396124,180752726.0,2.26,0.3,0.11,0.45
爱克斯龙电力,EXC,2020-12-11,36.51,36.87,36.97,36.39,3532441,145094515.0,1.57,-0.03,-0.01,0.36
爱克斯龙电力,EXC,2020-12-14,37.16,36.74,37.77,36.71,4025620,166568929.0,2.87,-0.35,-0.13,0.41
爱克斯龙电力,EXC,2020-12-15,37.12,38.4,38.51,36.96,8301152,352231904.0,4.22,4.52,1.66,0.85
爱克斯龙电力,EXC,2020-12-16,38.48,38.12,38.79,37.86,7583779,322711376.0,2.42,-0.73,-0.28,0.78
爱克斯龙电力,EXC,2020-12-17,38.29,38.33,38.8,38.29,5229598,223626944.0,1.34,0.55,0.21,0.54
爱克斯龙电力,EXC,2020-12-18,38.37,38.25,38.71,38.02,9169932,391119200.0,1.8,-0.21,-0.08,0.94
爱克斯龙电力,EXC,2020-12-21,37.89,37.19,37.89,36.79,4402792,182535397.0,2.88,-2.77,-1.06,0.45
爱克斯龙电力,EXC,2020-12-22,37.27,37.44,37.65,37.16,3121752,130270159.0,1.32,0.67,0.25,0.32
爱克斯龙电力,EXC,2020-12-23,37.61,37.39,38.11,37.33,3322921,139190847.0,2.08,-0.13,-0.05,0.34
爱克斯龙电力,EXC,2020-12-24,37.63,37.51,37.63,37.09,1476671,61534581.0,1.44,0.32,0.12,0.15
爱克斯龙电力,EXC,2020-12-28,37.84,37.89,38.31,37.67,2545093,107472430.0,1.71,1.01,0.38,0.26
爱克斯龙电力,EXC,2020-12-29,37.9,37.51,38.12,37.35,2647909,110906735.0,2.03,-1.0,-0.38,0.27
爱克斯龙电力,EXC,2020-12-30,37.46,37.61,37.93,37.4,2531495,106302398.0,1.41,0.27,0.1,0.26
爱克斯龙电力,EXC,2020-12-31,37.63,37.9,37.96,37.39,3248447,136624674.0,1.52,0.77,0.29,0.33
爱克斯龙电力,EXC,2021-01-04,38.1,36.85,38.22,36.53,5033743,207710716.0,4.46,-2.77,-1.05,0.52
爱克斯龙电力,EXC,2021-01-05,36.89,36.79,37.15,36.52,3968325,163099180.0,1.71,-0.16,-0.06,0.41
爱克斯龙电力,EXC,2021-01-06,37.08,38.13,38.49,37.0,6310598,267571884.0,4.05,3.64,1.34,0.65
爱克斯龙电力,EXC,2021-01-07,38.13,37.71,38.24,37.41,5223143,219714655.0,2.18,-1.1,-0.42,0.54
爱克斯龙电力,EXC,2021-01-08,37.69,37.89,38.09,37.58,4582762,193132373.0,1.35,0.48,0.18,0.47
爱克斯龙电力,EXC,2021-01-11,37.93,37.54,38.24,37.29,5042880,211243771.0,2.51,-0.92,-0.35,0.52
爱克斯龙电力,EXC,2021-01-12,37.45,37.76,37.86,37.09,5237791,219231970.0,2.05,0.59,0.22,0.54
爱克斯龙电力,EXC,2021-01-13,37.69,38.48,38.63,37.63,4467271,190434758.0,2.65,1.91,0.72,0.46
爱克斯龙电力,EXC,2021-01-14,38.47,38.26,38.69,38.01,4328454,184708278.0,1.77,-0.57,-0.22,0.44
爱克斯龙电力,EXC,2021-01-15,38.01,39.04,39.16,37.82,5060904,217892454.0,3.5,2.04,0.78,0.52
爱克斯龙电力,EXC,2021-01-19,39.19,38.5,39.32,38.5,4141504,178131671.0,2.1,-1.38,-0.54,0.42
爱克斯龙电力,EXC,2021-01-20,38.34,38.73,38.8,38.12,4211639,180760597.0,1.77,0.6,0.23,0.43
爱克斯龙电力,EXC,2021-01-21,38.48,38.7,38.96,38.17,3665305,157504513.0,2.04,-0.08,-0.03,0.38
爱克斯龙电力,EXC,2021-01-22,38.5,38.22,38.63,38.06,4189805,178273556.0,1.47,-1.24,-0.48,0.43
爱克斯龙电力,EXC,2021-01-25,38.09,39.03,39.08,37.76,6055877,259521875.0,3.45,2.12,0.81,0.62
爱克斯龙电力,EXC,2021-01-26,38.96,38.53,38.96,38.13,4455727,190999784.0,2.13,-1.28,-0.5,0.46
爱克斯龙电力,EXC,2021-01-27,38.23,36.7,38.51,36.62,7150355,298283264.0,4.91,-4.75,-1.83,0.73
爱克斯龙电力,EXC,2021-01-28,36.85,37.72,38.52,36.68,5317780,224729123.0,5.01,2.78,1.02,0.55
爱克斯龙电力,EXC,2021-01-29,37.29,37.24,37.67,36.68,6858925,285127312.0,2.62,-1.27,-0.48,0.7
爱克斯龙电力,EXC,2021-02-01,37.55,37.76,38.0,36.9,3650241,153405467.0,2.95,1.4,0.52,0.37
爱克斯龙电力,EXC,2021-02-02,38.15,38.53,39.12,37.76,3889331,167078127.0,3.6,2.04,0.77,0.4
爱克斯龙电力,EXC,2021-02-03,38.53,38.16,38.6,37.86,4831407,205354715.0,1.92,-0.96,-0.37,0.49
爱克斯龙电力,EXC,2021-02-04,38.18,39.35,39.36,38.06,4526297,196163855.0,3.41,3.12,1.19,0.46
爱克斯龙电力,EXC,2021-02-05,39.65,39.36,39.72,38.97,3978387,173601943.0,1.91,0.03,0.01,0.41
爱克斯龙电力,EXC,2021-02-08,39.44,39.42,39.65,39.19,4314720,188739902.0,1.17,0.15,0.06,0.44
爱克斯龙电力,EXC,2021-02-09,39.61,39.25,39.68,38.99,4408124,192200975.0,1.75,-0.43,-0.17,0.45
爱克斯龙电力,EXC,2021-02-10,39.51,39.0,39.56,38.73,4259126,184529095.0,2.11,-0.64,-0.25,0.44
爱克斯龙电力,EXC,2021-02-11,39.13,38.42,39.13,38.34,3455070,147949334.0,2.03,-1.49,-0.58,0.35
爱克斯龙电力,EXC,2021-02-12,38.3,37.89,38.65,37.69,3442142,145651448.0,2.5,-1.38,-0.53,0.35
爱克斯龙电力,EXC,2021-02-16,37.83,37.66,38.07,37.56,3210517,135122016.0,1.35,-0.61,-0.23,0.33
爱克斯龙电力,EXC,2021-02-17,37.61,37.85,37.98,37.2,3163035,132761630.0,2.07,0.5,0.19,0.32
爱克斯龙电力,EXC,2021-02-18,37.82,38.38,38.67,37.74,3492084,148948445.0,2.46,1.4,0.53,0.36
爱克斯龙电力,EXC,2021-02-19,37.69,37.06,37.98,36.87,5333699,221449722.0,2.89,-3.44,-1.32,0.55
爱克斯龙电力,EXC,2021-02-22,36.87,36.28,36.89,35.85,6255585,253424010.0,2.81,-2.1,-0.78,0.64
爱克斯龙电力,EXC,2021-02-23,36.53,36.48,36.72,36.01,5108227,207795305.0,1.96,0.55,0.2,0.52
爱克斯龙电力,EXC,2021-02-24,35.71,35.87,36.94,35.68,7782691,315377056.0,3.45,-1.67,-0.61,0.8
爱克斯龙电力,EXC,2021-02-25,35.59,34.6,35.68,34.04,9256318,361089840.0,4.57,-3.54,-1.27,0.95
爱克斯龙电力,EXC,2021-02-26,34.73,34.28,35.16,34.25,8767007,341399600.0,2.63,-0.92,-0.32,0.9
爱克斯龙电力,EXC,2021-03-01,34.72,34.99,35.56,34.68,5352471,211243327.0,2.57,2.07,0.71,0.55
爱克斯龙电力,EXC,2021-03-02,34.97,34.99,35.38,34.95,5770412,227715198.0,1.23,0.0,0.0,0.59
爱克斯龙电力,EXC,2021-03-03,34.79,35.21,35.42,34.53,6195791,244383345.0,2.54,0.63,0.22,0.63
爱克斯龙电力,EXC,2021-03-04,35.42,35.45,36.21,35.01,8148160,325242960.0,3.41,0.68,0.24,0.83
爱克斯龙电力,EXC,2021-03-05,35.59,35.7,35.84,35.19,7839455,309468256.0,1.83,0.71,0.25,0.8
爱克斯龙电力,EXC,2021-03-08,35.65,36.75,37.23,35.51,8934866,363174784.0,4.82,2.94,1.05,0.91
爱克斯龙电力,EXC,2021-03-09,37.08,37.59,37.77,36.6,7141554,295331888.0,3.18,2.29,0.84,0.73
爱克斯龙电力,EXC,2021-03-10,37.74,37.92,38.14,37.33,7559409,316085072.0,2.15,0.88,0.33,0.77
爱克斯龙电力,EXC,2021-03-11,37.85,38.09,38.76,37.75,6022652,254235848.0,2.66,0.45,0.17,0.62
爱克斯龙电力,EXC,2021-03-12,38.42,38.65,38.73,38.1,4769778,202395584.0,1.65,1.47,0.56,0.49
爱克斯龙电力,EXC,2021-03-15,38.93,39.42,39.45,38.71,4998126,215633885.0,1.91,1.99,0.77,0.51
爱克斯龙电力,EXC,2021-03-16,39.16,39.42,39.58,38.91,5602565,242686447.0,1.7,0.0,0.0,0.57
爱克斯龙电力,EXC,2021-03-17,39.55,39.03,39.55,38.81,5474585,235339541.0,1.88,-0.99,-0.39,0.56
爱克斯龙电力,EXC,2021-03-18,38.78,38.76,39.35,38.58,5787709,248002748.0,1.97,-0.69,-0.27,0.59
爱克斯龙电力,EXC,2021-03-19,38.91,39.03,39.3,38.25,8446203,362347632.0,2.71,0.7,0.27,0.86
爱克斯龙电力,EXC,2021-03-22,38.81,38.85,39.05,38.55,5309028,227061387.0,1.28,-0.46,-0.18,0.54
爱克斯龙电力,EXC,2021-03-23,38.94,38.86,39.2,38.59,4836783,207359743.0,1.57,0.03,0.01,0.5
爱克斯龙电力,EXC,2021-03-24,38.75,38.99,39.5,38.69,4431182,190944956.0,2.08,0.33,0.13,0.45
爱克斯龙电力,EXC,2021-03-25,39.36,39.43,39.64,38.88,4192004,181501457.0,1.95,1.13,0.44,0.43
爱克斯龙电力,EXC,2021-03-26,39.55,39.59,39.71,39.08,3996148,173061331.0,1.6,0.41,0.16,0.41
爱克斯龙电力,EXC,2021-03-29,39.31,39.81,40.04,39.31,4392283,192067756.0,1.84,0.56,0.22,0.45
爱克斯龙电力,EXC,2021-03-30,39.59,39.56,39.71,39.15,4295380,186396886.0,1.41,-0.63,-0.25,0.44
爱克斯龙电力,EXC,2021-03-31,39.42,39.8,39.95,39.36,6001845,261963374.0,1.49,0.61,0.24,0.61
爱克斯龙电力,EXC,2021-04-01,39.77,39.97,40.04,39.57,4118308,180278564.0,1.18,0.43,0.17,0.42
爱克斯龙电力,EXC,2021-04-05,40.07,40.54,40.81,40.01,4461440,198300086.0,2.0,1.43,0.57,0.46
爱克斯龙电力,EXC,2021-04-06,40.42,40.62,40.78,40.24,4047318,180272848.0,1.33,0.2,0.08,0.41
爱克斯龙电力,EXC,2021-04-07,40.74,41.01,41.13,40.66,4601898,206468855.0,1.16,0.96,0.39,0.47
爱克斯龙电力,EXC,2021-04-08,41.12,40.96,41.34,40.93,5962336,268480112.0,1.0,-0.12,-0.05,0.61
爱克斯龙电力,EXC,2021-04-09,40.93,40.89,41.18,40.78,4408222,197835768.0,0.98,-0.17,-0.07,0.45
爱克斯龙电力,EXC,2021-04-12,41.06,40.8,41.26,40.68,4639972,207943960.0,1.42,-0.22,-0.09,0.48
爱克斯龙电力,EXC,2021-04-13,40.66,41.23,41.38,40.56,5224584,235711078.0,2.01,1.05,0.43,0.53
爱克斯龙电力,EXC,2021-04-14,41.29,41.51,41.52,41.1,3855653,174743398.0,1.02,0.68,0.28,0.39
爱克斯龙电力,EXC,2021-04-15,41.48,41.83,41.91,41.33,5927163,270409216.0,1.4,0.77,0.32,0.61
爱克斯龙电力,EXC,2021-04-16,42.08,42.22,42.43,41.86,4956888,228560733.0,1.36,0.93,0.39,0.51
爱克斯龙电力,EXC,2021-04-19,42.27,41.56,42.34,41.48,4803683,218909104.0,2.04,-1.56,-0.66,0.49
爱克斯龙电力,EXC,2021-04-20,41.47,41.86,41.98,41.47,6207561,283395152.0,1.23,0.72,0.3,0.64
爱克斯龙电力,EXC,2021-04-21,41.84,41.74,42.06,41.56,4801448,219334708.0,1.19,-0.29,-0.12,0.49
爱克斯龙电力,EXC,2021-04-22,41.78,41.14,41.8,41.08,4498352,203615938.0,1.72,-1.44,-0.6,0.46
爱克斯龙电力,EXC,2021-04-23,41.2,40.97,41.35,40.94,4343773,195531835.0,1.0,-0.41,-0.17,0.44
爱克斯龙电力,EXC,2021-04-26,40.96,40.71,41.05,40.63,3090851,138095050.0,1.03,-0.63,-0.26,0.32
爱克斯龙电力,EXC,2021-04-27,40.72,40.6,40.81,40.45,3640881,162272540.0,0.88,-0.27,-0.11,0.37
爱克斯龙电力,EXC,2021-04-28,40.49,40.67,40.72,40.29,4671105,207608896.0,1.06,0.17,0.07,0.48
爱克斯龙电力,EXC,2021-04-29,40.44,40.95,41.16,40.44,4280058,191996757.0,1.77,0.69,0.28,0.44
爱克斯龙电力,EXC,2021-04-30,40.95,41.0,41.04,40.69,5168103,231858434.0,0.85,0.12,0.05,0.53
爱克斯龙电力,EXC,2021-05-03,41.3,40.95,41.51,40.85,4905566,221420027.0,1.61,-0.12,-0.05,0.5
爱克斯龙电力,EXC,2021-05-04,40.93,40.84,41.03,40.55,6444707,288180304.0,1.17,-0.27,-0.11,0.66
爱克斯龙电力,EXC,2021-05-05,40.32,39.59,40.91,39.06,8467887,369388864.0,4.53,-3.06,-1.25,0.87
爱克斯龙电力,EXC,2021-05-06,39.57,40.54,40.58,39.2,4990538,219946160.0,3.49,2.4,0.95,0.51
爱克斯龙电力,EXC,2021-05-07,40.65,40.74,41.21,40.48,4859460,217544846.0,1.8,0.49,0.2,0.5
爱克斯龙电力,EXC,2021-05-10,40.91,40.58,41.24,40.54,6858345,306620064.0,1.72,-0.39,-0.16,0.7
爱克斯龙电力,EXC,2021-05-11,40.71,40.5,40.84,39.89,5777371,255806986.0,2.34,-0.2,-0.08,0.59
爱克斯龙电力,EXC,2021-05-12,40.2,39.17,40.65,39.01,6544618,284209792.0,4.05,-3.28,-1.33,0.67
爱克斯龙电力,EXC,2021-05-13,39.36,40.86,40.97,39.25,7353422,323803024.0,4.39,4.31,1.69,0.75
爱克斯龙电力,EXC,2021-05-14,41.0,41.54,41.59,40.9,5968220,268279295.0,1.69,1.66,0.68,0.61
爱克斯龙电力,EXC,2021-05-17,41.44,41.54,41.7,41.14,7446755,335115968.0,1.35,0.0,0.0,0.76
爱克斯龙电力,EXC,2021-05-18,41.45,42.1,42.18,41.34,8286774,376997312.0,2.02,1.35,0.56,0.85
爱克斯龙电力,EXC,2021-05-19,41.96,41.99,42.59,41.51,15575400,711392864.0,2.57,-0.26,-0.11,1.59
爱克斯龙电力,EXC,2021-05-20,41.99,42.19,42.48,41.9,4998697,229030708.0,1.38,0.48,0.2,0.51
爱克斯龙电力,EXC,2021-05-21,42.38,42.29,42.59,41.92,5013485,229424523.0,1.59,0.24,0.1,0.51
爱克斯龙电力,EXC,2021-05-24,42.46,42.48,42.72,42.16,5061838,232682738.0,1.32,0.45,0.19,0.52
爱克斯龙电力,EXC,2021-05-25,42.57,41.36,42.57,41.26,5060192,228080610.0,3.08,-2.64,-1.12,0.52
爱克斯龙电力,EXC,2021-05-26,41.36,41.62,41.86,41.32,5911275,267073578.0,1.31,0.63,0.26,0.61
爱克斯龙电力,EXC,2021-05-27,41.92,41.05,41.92,41.0,8034742,359993696.0,2.21,-1.37,-0.57,0.82
爱克斯龙电力,EXC,2021-05-28,41.34,41.57,41.72,41.2,4863679,218959998.0,1.27,1.27,0.52,0.5
爱克斯龙电力,EXC,2021-06-01,41.44,41.59,41.71,41.28,5257538,236838102.0,1.03,0.05,0.02,0.54
爱克斯龙电力,EXC,2021-06-02,41.71,41.65,41.97,41.45,4092784,185050559.0,1.25,0.14,0.06,0.42
爱克斯龙电力,EXC,2021-06-03,40.32,42.22,42.35,40.2,7610407,344530608.0,5.16,1.37,0.57,0.78
爱克斯龙电力,EXC,2021-06-04,42.12,42.05,42.34,41.91,4131020,188486494.0,1.02,-0.4,-0.17,0.42
爱克斯龙电力,EXC,2021-06-07,42.12,42.31,42.37,42.03,3444906,157791863.0,0.81,0.62,0.26,0.35
爱克斯龙电力,EXC,2021-06-08,42.35,42.2,42.42,42.08,3986921,182627452.0,0.8,-0.26,-0.11,0.41
爱克斯龙电力,EXC,2021-06-09,42.43,42.81,42.9,42.18,4121194,190684622.0,1.71,1.45,0.61,0.42
爱克斯龙电力,EXC,2021-06-10,43.16,43.16,43.41,42.83,5411780,252687870.0,1.35,0.82,0.35,0.55
爱克斯龙电力,EXC,2021-06-11,43.11,43.36,43.37,42.91,4584284,214358913.0,1.07,0.46,0.2,0.47
爱克斯龙电力,EXC,2021-06-14,43.43,43.56,43.58,42.97,4986918,233946568.0,1.41,0.46,0.2,0.51
爱克斯龙电力,EXC,2021-06-15,43.65,43.56,43.69,43.37,6451301,303668688.0,0.73,0.0,0.0,0.66
爱克斯龙电力,EXC,2021-06-16,43.48,42.65,43.81,42.39,6116587,284467888.0,3.26,-2.09,-0.91,0.63
爱克斯龙电力,EXC,2021-06-17,42.69,42.45,43.05,42.44,4689202,216640081.0,1.43,-0.47,-0.2,0.48
爱克斯龙电力,EXC,2021-06-18,42.3,41.0,42.34,40.94,11791390,529389520.0,3.3,-3.42,-1.45,1.21
爱克斯龙电力,EXC,2021-06-21,41.02,41.16,41.39,40.95,5325806,238277667.0,1.07,0.39,0.16,0.55
爱克斯龙电力,EXC,2021-06-22,41.06,40.78,41.17,40.73,4180842,185806753.0,1.07,-0.92,-0.38,0.43
爱克斯龙电力,EXC,2021-06-23,40.73,40.6,40.77,40.27,4183428,184473385.0,1.23,-0.44,-0.18,0.43
爱克斯龙电力,EXC,2021-06-24,40.66,40.69,40.9,40.49,3214651,142360666.0,1.01,0.22,0.09,0.33
爱克斯龙电力,EXC,2021-06-25,40.57,41.08,41.17,40.56,3778628,168324241.0,1.5,0.96,0.39,0.39
爱克斯龙电力,EXC,2021-06-28,41.22,41.32,41.48,41.06,3116112,139752214.0,1.02,0.58,0.24,0.32
爱克斯龙电力,EXC,2021-06-29,41.27,41.01,41.86,40.83,3740044,167439587.0,2.49,-0.75,-0.31,0.38
爱克斯龙电力,EXC,2021-06-30,41.02,40.76,41.17,40.63,3852975,170817080.0,1.32,-0.61,-0.25,0.39
爱克斯龙电力,EXC,2021-07-01,40.9,41.43,41.54,40.71,3099893,139140896.0,2.04,1.64,0.67,0.32
爱克斯龙电力,EXC,2021-07-02,41.5,41.58,41.64,41.25,2345173,105649686.0,0.94,0.36,0.15,0.24
爱克斯龙电力,EXC,2021-07-06,41.36,41.33,41.47,40.69,4057154,181649446.0,1.88,-0.6,-0.25,0.41
爱克斯龙电力,EXC,2021-07-07,41.39,41.58,41.64,41.05,3086308,139036695.0,1.43,0.6,0.25,0.32
爱克斯龙电力,EXC,2021-07-08,41.34,41.38,41.63,41.13,3102076,139366209.0,1.2,-0.48,-0.2,0.32
爱克斯龙电力,EXC,2021-07-09,41.29,41.36,41.56,41.0,3012132,135086746.0,1.35,-0.05,-0.02,0.31
爱克斯龙电力,EXC,2021-07-12,41.34,41.73,41.75,41.13,3646791,164720638.0,1.5,0.89,0.37,0.37
爱克斯龙电力,EXC,2021-07-13,41.63,41.24,41.75,41.07,2722538,122376550.0,1.63,-1.17,-0.49,0.28
爱克斯龙电力,EXC,2021-07-14,41.4,41.59,41.94,41.1,3711173,167537573.0,2.04,0.85,0.35,0.38
爱克斯龙电力,EXC,2021-07-15,41.39,42.18,42.24,41.35,4658195,212283960.0,2.14,1.42,0.59,0.48
爱克斯龙电力,EXC,2021-07-16,42.22,42.44,42.75,42.17,3808670,175535312.0,1.38,0.62,0.26,0.39
爱克斯龙电力,EXC,2021-07-19,42.39,41.77,42.51,41.19,8116774,367662912.0,3.11,-1.58,-0.67,0.83
爱克斯龙电力,EXC,2021-07-20,42.01,42.51,42.87,41.75,4848026,223575490.0,2.68,1.77,0.74,0.5
爱克斯龙电力,EXC,2021-07-21,42.39,42.29,42.73,42.24,3721738,171324642.0,1.15,-0.52,-0.22,0.38
爱克斯龙电力,EXC,2021-07-22,42.34,42.46,42.56,42.25,2945258,135388458.0,0.73,0.4,0.17,0.3
爱克斯龙电力,EXC,2021-07-23,42.66,42.97,43.1,42.54,2522966,117154047.0,1.32,1.2,0.51,0.26
爱克斯龙电力,EXC,2021-07-26,42.95,42.86,43.34,42.6,4565875,211545181.0,1.72,-0.26,-0.11,0.47
爱克斯龙电力,EXC,2021-07-27,42.68,43.69,43.81,42.56,3607989,169646153.0,2.92,1.94,0.83,0.37
爱克斯龙电力,EXC,2021-07-28,43.56,43.43,43.84,43.05,3827140,179686869.0,1.81,-0.6,-0.26,0.39
爱克斯龙电力,EXC,2021-07-29,43.62,43.77,43.94,43.53,3131116,148060813.0,0.94,0.78,0.34,0.32
爱克斯龙电力,EXC,2021-07-30,43.69,43.25,44.07,43.17,3644493,171152610.0,2.06,-1.19,-0.52,0.37
爱克斯龙电力,EXC,2021-08-02,43.52,43.48,43.85,43.25,3858568,181771403.0,1.39,0.53,0.23,0.39
爱克斯龙电力,EXC,2021-08-03,43.9,43.83,44.02,43.49,4365454,206522408.0,1.22,0.8,0.35,0.45
爱克斯龙电力,EXC,2021-08-04,43.65,43.22,43.82,42.87,3902454,182524186.0,2.17,-1.39,-0.61,0.4
爱克斯龙电力,EXC,2021-08-05,43.28,44.12,44.22,43.26,4121324,195042764.0,2.22,2.08,0.9,0.42
爱克斯龙电力,EXC,2021-08-06,44.02,44.05,44.33,43.76,3474830,165446605.0,1.29,-0.16,-0.07,0.36
爱克斯龙电力,EXC,2021-08-09,43.96,43.88,44.05,43.55,2620014,123979723.0,1.14,-0.39,-0.17,0.27
爱克斯龙电力,EXC,2021-08-10,43.9,44.02,44.27,43.67,3514889,167283812.0,1.37,0.32,0.14,0.36
爱克斯龙电力,EXC,2021-08-11,44.2,44.65,44.71,44.12,3639803,175131830.0,1.34,1.43,0.63,0.37
爱克斯龙电力,EXC,2021-08-12,44.89,44.86,45.0,44.59,3811056,182975041.0,0.92,0.47,0.21,0.39
爱克斯龙电力,EXC,2021-08-13,45.05,45.18,45.23,44.87,2198703,106146844.0,0.8,0.71,0.32,0.22
爱克斯龙电力,EXC,2021-08-16,45.33,45.41,45.93,45.24,6286868,305740784.0,1.53,0.51,0.23,0.64
爱克斯龙电力,EXC,2021-08-17,45.19,45.19,45.24,44.57,4790302,230483309.0,1.48,-0.48,-0.22,0.49
爱克斯龙电力,EXC,2021-08-18,45.14,45.05,45.27,44.79,5185576,250151792.0,1.06,-0.31,-0.14,0.53
爱克斯龙电力,EXC,2021-08-19,45.15,45.62,45.93,45.11,3962298,193428760.0,1.82,1.27,0.57,0.41
爱克斯龙电力,EXC,2021-08-20,45.56,46.19,46.25,45.29,6670082,328536112.0,2.1,1.25,0.57,0.68
爱克斯龙电力,EXC,2021-08-23,46.0,45.89,46.28,45.65,3685917,180808454.0,1.36,-0.65,-0.3,0.38
爱克斯龙电力,EXC,2021-08-24,45.95,45.74,45.95,45.34,3315778,162067838.0,1.33,-0.33,-0.15,0.34
爱克斯龙电力,EXC,2021-08-25,45.68,45.72,45.89,45.53,4870161,238226676.0,0.79,-0.04,-0.02,0.5
爱克斯龙电力,EXC,2021-08-26,45.82,45.61,45.83,45.52,2671955,130393795.0,0.68,-0.24,-0.11,0.27
爱克斯龙电力,EXC,2021-08-27,45.7,45.92,46.24,45.7,3790662,186365994.0,1.18,0.68,0.31,0.39
爱克斯龙电力,EXC,2021-08-30,45.86,46.08,46.25,45.75,2965810,145993031.0,1.09,0.35,0.16,0.3
爱克斯龙电力,EXC,2021-08-31,45.93,45.85,46.02,45.61,6201502,303775504.0,0.89,-0.5,-0.23,0.63
爱克斯龙电力,EXC,2021-09-01,45.94,46.43,46.51,45.76,4079009,201856819.0,1.64,1.26,0.58,0.42
爱克斯龙电力,EXC,2021-09-02,46.46,46.93,47.17,46.39,5057140,252907477.0,1.68,1.08,0.5,0.52
爱克斯龙电力,EXC,2021-09-03,46.6,46.65,47.03,46.31,3535297,176424939.0,1.53,-0.6,-0.28,0.36
爱克斯龙电力,EXC,2021-09-07,46.53,46.34,46.74,46.21,4900251,243088870.0,1.14,-0.66,-0.31,0.5
爱克斯龙电力,EXC,2021-09-08,46.35,47.19,47.45,46.15,5303693,266838562.0,2.81,1.83,0.85,0.54
爱克斯龙电力,EXC,2021-09-09,46.97,47.06,47.45,46.81,4839590,243518706.0,1.36,-0.28,-0.13,0.49
爱克斯龙电力,EXC,2021-09-10,47.2,46.74,47.37,46.7,5854535,293821248.0,1.42,-0.68,-0.32,0.6
爱克斯龙电力,EXC,2021-09-13,47.25,47.39,47.82,47.04,6463490,326802976.0,1.67,1.39,0.65,0.66
爱克斯龙电力,EXC,2021-09-14,47.81,47.21,47.81,47.04,5886243,297127584.0,1.62,-0.38,-0.18,0.6
爱克斯龙电力,EXC,2021-09-15,47.21,47.68,47.77,46.88,7760424,392848464.0,1.89,1.0,0.47,0.79
爱克斯龙电力,EXC,2021-09-16,47.51,47.01,47.56,46.96,5847834,294662304.0,1.26,-1.41,-0.67,0.6
爱克斯龙电力,EXC,2021-09-17,47.03,46.69,47.6,46.38,13246169,663367088.0,2.6,-0.68,-0.32,1.35
爱克斯龙电力,EXC,2021-09-20,46.59,46.54,47.04,45.87,6189041,307789920.0,2.51,-0.32,-0.15,0.63
爱克斯龙电力,EXC,2021-09-21,46.54,45.85,46.64,45.82,4864508,240018305.0,1.76,-1.48,-0.69,0.5
爱克斯龙电力,EXC,2021-09-22,46.13,46.21,46.51,45.72,4986183,246391657.0,1.72,0.79,0.36,0.51
爱克斯龙电力,EXC,2021-09-23,46.21,46.48,47.1,46.0,4084423,203753412.0,2.38,0.58,0.27,0.42
爱克斯龙电力,EXC,2021-09-24,46.26,46.07,46.68,45.92,3893156,192052597.0,1.64,-0.88,-0.41,0.4
爱克斯龙电力,EXC,2021-09-27,46.13,45.72,46.63,45.65,4575873,225424833.0,2.13,-0.76,-0.35,0.47
爱克斯龙电力,EXC,2021-09-28,45.42,45.03,45.7,44.96,5334552,258063736.0,1.62,-1.51,-0.69,0.55
爱克斯龙电力,EXC,2021-09-29,45.09,45.46,45.76,44.91,5627876,273231888.0,1.89,0.95,0.43,0.58
爱克斯龙电力,EXC,2021-09-30,45.47,45.17,45.7,44.87,6918388,335071664.0,1.83,-0.64,-0.29,0.71
爱克斯龙电力,EXC,2021-10-01,45.25,44.62,45.53,44.55,5669539,272474464.0,2.17,-1.22,-0.55,0.58
爱克斯龙电力,EXC,2021-10-04,44.55,45.18,45.28,44.4,7695456,370666480.0,1.97,1.26,0.56,0.79
爱克斯龙电力,EXC,2021-10-05,45.34,45.17,45.72,44.8,5959338,287925280.0,2.04,-0.02,-0.01,0.61
爱克斯龙电力,EXC,2021-10-06,44.92,45.94,45.96,44.6,5024320,244197539.0,3.01,1.7,0.77,0.51
爱克斯龙电力,EXC,2021-10-07,46.04,45.54,46.16,45.41,4951723,242024373.0,1.63,-0.87,-0.4,0.51
爱克斯龙电力,EXC,2021-10-08,45.54,45.18,45.73,45.1,3331537,161618121.0,1.38,-0.79,-0.36,0.34
爱克斯龙电力,EXC,2021-10-11,45.24,44.4,45.24,44.33,3130513,149469808.0,2.01,-1.73,-0.78,0.32
爱克斯龙电力,EXC,2021-10-12,44.55,45.12,45.29,44.39,4428950,213550814.0,2.03,1.62,0.72,0.45
爱克斯龙电力,EXC,2021-10-13,45.24,45.91,45.95,45.01,5351601,261296345.0,2.08,1.75,0.79,0.55
爱克斯龙电力,EXC,2021-10-14,46.1,46.96,47.06,45.95,6212296,310060608.0,2.42,2.29,1.05,0.63
爱克斯龙电力,EXC,2021-10-15,47.06,46.64,47.49,46.6,5783046,289409632.0,1.9,-0.68,-0.32,0.59
爱克斯龙电力,EXC,2021-10-18,46.26,46.72,46.78,46.01,3752286,186763123.0,1.65,0.17,0.08,0.38
爱克斯龙电力,EXC,2021-10-19,46.94,47.15,47.21,46.72,3422377,171797687.0,1.05,0.92,0.43,0.35
爱克斯龙电力,EXC,2021-10-20,47.15,48.04,48.11,47.1,4269194,218154976.0,2.14,1.89,0.89,0.44
爱克斯龙电力,EXC,2021-10-21,47.71,47.9,48.09,47.63,3052424,155965482.0,0.96,-0.29,-0.14,0.31
爱克斯龙电力,EXC,2021-10-22,48.07,48.14,48.34,47.92,3423582,175776205.0,0.88,0.5,0.24,0.35
爱克斯龙电力,EXC,2021-10-25,48.05,48.42,48.66,47.92,3374237,174144211.0,1.54,0.58,0.28,0.34
爱克斯龙电力,EXC,2021-10-26,48.62,48.85,49.13,48.45,3732230,194338610.0,1.4,0.89,0.43,0.38
爱克斯龙电力,EXC,2021-10-27,48.7,48.81,49.13,48.36,4267858,221573551.0,1.58,-0.08,-0.04,0.44
爱克斯龙电力,EXC,2021-10-28,48.83,49.58,49.63,48.8,5216383,273931216.0,1.7,1.58,0.77,0.53
爱克斯龙电力,EXC,2021-10-29,49.5,50.02,50.37,49.42,6644042,353607264.0,1.92,0.89,0.44,0.68
爱克斯龙电力,EXC,2021-11-01,49.86,50.72,50.86,49.41,5809317,311827840.0,2.9,1.4,0.7,0.59
爱克斯龙电力,EXC,2021-11-02,50.78,50.57,51.01,50.24,5872938,315211360.0,1.52,-0.3,-0.15,0.6
爱克斯龙电力,EXC,2021-11-03,50.87,50.88,51.53,50.28,5115861,276396528.0,2.47,0.61,0.31,0.52
爱克斯龙电力,EXC,2021-11-04,50.85,50.94,51.01,50.33,6267056,337918272.0,1.34,0.12,0.06,0.64
爱克斯龙电力,EXC,2021-11-05,51.0,50.97,51.48,50.9,4667848,253267173.0,1.14,0.06,0.03,0.48
爱克斯龙电力,EXC,2021-11-08,50.94,49.95,51.07,49.46,5060217,268955024.0,3.16,-2.0,-1.02,0.52
爱克斯龙电力,EXC,2021-11-09,50.08,50.92,51.04,49.95,5563562,299837760.0,2.18,1.94,0.97,0.57
爱克斯龙电力,EXC,2021-11-10,50.87,51.28,51.34,50.61,3669381,199220427.0,1.43,0.71,0.36,0.38
爱克斯龙电力,EXC,2021-11-11,51.22,51.53,51.57,50.84,4371447,238032074.0,1.42,0.49,0.25,0.45
爱克斯龙电力,EXC,2021-11-12,51.51,51.61,51.98,51.38,5664532,308493968.0,1.16,0.16,0.08,0.58
爱克斯龙电力,EXC,2021-11-15,51.66,51.98,52.0,51.24,3426841,186840500.0,1.47,0.72,0.37,0.35
爱克斯龙电力,EXC,2021-11-16,52.0,51.46,52.07,51.4,3670454,199522330.0,1.29,-1.0,-0.52,0.38
爱克斯龙电力,EXC,2021-11-17,51.35,50.79,51.49,50.54,6683046,358356544.0,1.85,-1.3,-0.67,0.68
爱克斯龙电力,EXC,2021-11-18,50.66,50.75,51.08,50.4,4453280,238450121.0,1.34,-0.08,-0.04,0.46
爱克斯龙电力,EXC,2021-11-19,50.77,50.82,51.01,50.43,4356431,233188518.0,1.14,0.14,0.07,0.45
爱克斯龙电力,EXC,2021-11-22,50.82,51.17,51.81,50.75,4457271,241259828.0,2.09,0.69,0.35,0.46
爱克斯龙电力,EXC,2021-11-23,50.99,51.59,51.7,50.99,3532794,191789781.0,1.39,0.82,0.42,0.36
爱克斯龙电力,EXC,2021-11-24,51.55,51.72,51.87,51.21,2940200,160033049.0,1.28,0.25,0.13,0.3
爱克斯龙电力,EXC,2021-11-26,51.51,50.64,51.53,50.51,3012093,161453292.0,1.97,-2.09,-1.08,0.31
爱克斯龙电力,EXC,2021-11-29,50.95,51.38,51.56,50.64,4260072,230399126.0,1.82,1.46,0.74,0.44
爱克斯龙电力,EXC,2021-11-30,51.07,49.94,51.13,49.51,10500430,556368080.0,3.15,-2.8,-1.44,1.07
爱克斯龙电力,EXC,2021-12-01,50.46,49.5,50.95,49.44,5965966,315516288.0,3.02,-0.88,-0.44,0.61
爱克斯龙电力,EXC,2021-12-02,49.87,50.13,50.72,49.84,7253548,385163040.0,1.78,1.27,0.63,0.74
爱克斯龙电力,EXC,2021-12-03,50.54,49.95,50.66,48.94,8362784,438507552.0,3.43,-0.36,-0.18,0.85
爱克斯龙电力,EXC,2021-12-06,50.48,50.74,51.33,50.25,6123475,328696208.0,2.16,1.58,0.79,0.63
爱克斯龙电力,EXC,2021-12-07,50.66,51.13,51.49,50.63,6598967,356038416.0,1.69,0.77,0.39,0.67
爱克斯龙电力,EXC,2021-12-08,51.41,50.64,51.53,50.29,5205658,278371552.0,2.43,-0.96,-0.49,0.53
爱克斯龙电力,EXC,2021-12-09,50.53,50.35,50.78,50.0,5295413,281962064.0,1.54,-0.57,-0.29,0.54
爱克斯龙电力,EXC,2021-12-10,50.72,51.12,51.2,50.37,4410517,237323047.0,1.65,1.53,0.77,0.45
爱克斯龙电力,EXC,2021-12-13,51.03,51.35,51.59,50.69,7262436,392153536.0,1.76,0.45,0.23,0.74
爱克斯龙电力,EXC,2021-12-14,51.12,51.06,51.55,50.7,4893106,263578140.0,1.66,-0.56,-0.29,0.5
爱克斯龙电力,EXC,2021-12-15,51.21,51.9,51.97,50.98,4664880,253459646.0,1.94,1.65,0.84,0.48
爱克斯龙电力,EXC,2021-12-16,51.82,51.57,52.19,51.49,6513591,355619104.0,1.35,-0.64,-0.33,0.67
爱克斯龙电力,EXC,2021-12-17,50.97,50.73,51.63,50.42,12719918,683048528.0,2.35,-1.63,-0.84,1.3
爱克斯龙电力,EXC,2021-12-20,50.14,50.61,50.71,49.14,6644213,351253584.0,3.09,-0.24,-0.12,0.68
爱克斯龙电力,EXC,2021-12-21,51.05,51.15,51.5,50.55,4584047,246992434.0,1.88,1.07,0.54,0.47
爱克斯龙电力,EXC,2021-12-22,50.93,51.58,51.67,50.88,4291043,232870903.0,1.54,0.84,0.43,0.44
爱克斯龙电力,EXC,2021-12-23,51.67,51.7,52.1,51.6,3558392,194103796.0,0.97,0.23,0.12,0.36
爱克斯龙电力,EXC,2021-12-27,51.7,52.02,52.07,51.58,2121361,115998819.0,0.95,0.62,0.32,0.22
爱克斯龙电力,EXC,2021-12-28,52.06,52.82,52.85,52.0,3271653,181382167.0,1.63,1.54,0.8,0.33
爱克斯龙电力,EXC,2021-12-29,53.01,53.86,54.1,52.98,4715083,266338346.0,2.12,1.97,1.04,0.48
爱克斯龙电力,EXC,2021-12-30,53.87,54.56,54.72,53.84,5978298,341566256.0,1.63,1.3,0.7,0.61
爱克斯龙电力,EXC,2021-12-31,54.12,54.97,55.22,54.12,3958375,228066701.0,2.02,0.75,0.41,0.4
爱克斯龙电力,EXC,2022-01-03,54.31,54.28,54.37,52.96,10627511,601610096.0,2.57,-1.26,-0.69,1.09
爱克斯龙电力,EXC,2022-01-04,53.81,54.22,54.84,53.81,8847915,505463568.0,1.9,-0.11,-0.06,0.9
爱克斯龙电力,EXC,2022-01-05,54.21,54.18,55.03,54.08,9483522,542446192.0,1.75,-0.07,-0.04,0.97
爱克斯龙电力,EXC,2022-01-06,54.09,53.94,54.33,53.79,5701835,323953440.0,1.0,-0.44,-0.24,0.58
爱克斯龙电力,EXC,2022-01-07,53.94,53.85,54.4,53.45,8421392,477745952.0,1.76,-0.17,-0.09,0.86
爱克斯龙电力,EXC,2022-01-10,53.96,54.03,54.24,53.46,8788690,498247088.0,1.45,0.33,0.18,0.9
爱克斯龙电力,EXC,2022-01-11,53.98,52.83,54.05,52.32,9588258,535130768.0,3.2,-2.22,-1.2,0.98
爱克斯龙电力,EXC,2022-01-12,52.7,53.2,53.26,52.46,9003760,502501328.0,1.51,0.7,0.37,0.92
爱克斯龙电力,EXC,2022-01-13,53.63,53.7,54.14,53.43,10075197,569828608.0,1.33,0.94,0.5,1.03
爱克斯龙电力,EXC,2022-01-14,53.71,53.45,53.84,53.23,7398297,416483360.0,1.14,-0.47,-0.25,0.76
爱克斯龙电力,EXC,2022-01-18,52.65,53.25,53.44,52.54,10270801,574437792.0,1.68,-0.37,-0.2,1.05
爱克斯龙电力,EXC,2022-01-19,53.27,53.7,54.09,53.21,8916775,503873216.0,1.65,0.85,0.45,0.91
爱克斯龙电力,EXC,2022-01-20,54.01,54.19,55.14,53.75,8451084,484677504.0,2.59,0.91,0.49,0.86
爱克斯龙电力,EXC,2022-01-21,54.46,53.98,54.66,53.7,9434445,536571968.0,1.77,-0.39,-0.21,0.96
爱克斯龙电力,EXC,2022-01-24,54.27,53.31,54.4,51.86,10424506,581120912.0,4.71,-1.24,-0.67,1.06
爱克斯龙电力,EXC,2022-01-25,52.84,52.67,53.29,52.38,7965277,442911424.0,1.71,-1.2,-0.64,0.81
爱克斯龙电力,EXC,2022-01-26,52.85,52.91,53.71,52.5,8396931,469153616.0,2.3,0.46,0.24,0.86
爱克斯龙电力,EXC,2022-01-27,53.31,53.34,54.36,52.82,11090332,624002944.0,2.91,0.81,0.43,1.13
爱克斯龙电力,EXC,2022-01-28,53.13,54.54,54.58,52.75,8445719,478647792.0,3.43,2.25,1.2,0.86
爱克斯龙电力,EXC,2022-01-31,53.96,55.16,55.21,53.87,9653593,557412432.0,2.46,1.14,0.62,0.98
爱克斯龙电力,EXC,2022-02-01,54.87,55.04,55.42,54.14,7534200,433974768.0,2.32,-0.22,-0.12,0.77
爱克斯龙电力,EXC,2022-02-02,38.27,40.07,40.3,38.01,29696453,1255475008.0,4.16,-27.2,-14.97,3.03
爱克斯龙电力,EXC,2022-02-03,39.4,41.0,41.23,39.4,25588404,1111032624.0,4.57,2.32,0.93,2.61
爱克斯龙电力,EXC,2022-02-04,39.88,40.73,41.11,39.83,17454564,758226592.0,3.12,-0.66,-0.27,1.78
爱克斯龙电力,EXC,2022-02-07,40.31,40.85,40.95,40.25,14387974,625761920.0,1.72,0.29,0.12,1.47
爱克斯龙电力,EXC,2022-02-08,41.09,40.23,41.23,40.17,14755390,639070688.0,2.59,-1.52,-0.62,1.51
爱克斯龙电力,EXC,2022-02-09,40.37,39.81,40.7,39.75,10408546,446420736.0,2.36,-1.04,-0.42,1.06
爱克斯龙电力,EXC,2022-02-10,39.42,39.25,40.12,39.17,11356527,480870192.0,2.39,-1.41,-0.56,1.16
爱克斯龙电力,EXC,2022-02-11,39.33,39.34,39.95,39.2,11253663,476217104.0,1.91,0.23,0.09,1.15
爱克斯龙电力,EXC,2022-02-14,39.48,39.41,39.56,38.49,13118498,551097568.0,2.72,0.18,0.07,1.34
爱克斯龙电力,EXC,2022-02-15,39.54,38.95,39.72,38.64,10471908,438799776.0,2.74,-1.17,-0.46,1.07
爱克斯龙电力,EXC,2022-02-16,39.17,39.21,39.5,38.77,9731576,408665376.0,1.87,0.67,0.26,0.99
爱克斯龙电力,EXC,2022-02-17,39.06,38.96,39.22,38.64,7959965,332483648.0,1.48,-0.64,-0.25,0.81
爱克斯龙电力,EXC,2022-02-18,39.2,38.84,39.2,38.66,8963780,373767392.0,1.39,-0.31,-0.12,0.91
爱克斯龙电力,EXC,2022-02-22,38.94,38.86,39.17,38.57,11475076,477403296.0,1.54,0.05,0.02,1.17
爱克斯龙电力,EXC,2022-02-23,38.93,38.18,39.1,38.02,8161910,336001328.0,2.78,-1.75,-0.68,0.83
爱克斯龙电力,EXC,2022-02-24,38.39,38.85,38.95,37.66,11997746,489146048.0,3.38,1.75,0.67,1.22
爱克斯龙电力,EXC,2022-02-25,38.89,40.15,40.23,38.84,7981394,337754656.0,3.58,3.35,1.3,0.81
爱克斯龙电力,EXC,2022-02-28,39.7,40.11,40.4,39.45,13253605,562809600.0,2.37,-0.1,-0.04,1.35
爱克斯龙电力,EXC,2022-03-01,39.55,39.78,40.2,39.42,8039113,339471888.0,1.94,-0.82,-0.33,0.82
爱克斯龙电力,EXC,2022-03-02,39.89,40.31,40.58,39.69,7133745,304884768.0,2.24,1.33,0.53,0.73
爱克斯龙电力,EXC,2022-03-03,40.35,40.68,40.86,40.32,7236186,311615952.0,1.34,0.92,0.37,0.74
爱克斯龙电力,EXC,2022-03-04,40.43,41.83,41.83,40.09,9041637,395938336.0,4.28,2.83,1.15,0.92
爱克斯龙电力,EXC,2022-03-07,41.72,41.38,42.28,41.32,10065249,443604688.0,2.3,-1.08,-0.45,1.03
爱克斯龙电力,EXC,2022-03-08,41.71,41.04,41.84,40.65,8624210,376345280.0,2.88,-0.82,-0.34,0.88
爱克斯龙电力,EXC,2022-03-09,41.29,41.1,41.47,40.81,8573141,373633328.0,1.61,0.15,0.06,0.87
爱克斯龙电力,EXC,2022-03-10,40.86,41.15,41.36,40.69,9859163,429178560.0,1.63,0.12,0.05,1.01
爱克斯龙电力,EXC,2022-03-11,41.79,41.18,41.95,41.14,6407446,281281872.0,1.97,0.07,0.03,0.65
爱克斯龙电力,EXC,2022-03-14,41.25,41.13,41.67,41.07,6793504,297065360.0,1.46,-0.12,-0.05,0.69
爱克斯龙电力,EXC,2022-03-15,41.44,41.31,41.57,40.82,6384971,279042304.0,1.82,0.44,0.18,0.65
爱克斯龙电力,EXC,2022-03-16,41.19,40.99,41.64,40.26,8718785,377970752.0,3.34,-0.77,-0.32,0.89
爱克斯龙电力,EXC,2022-03-17,41.02,41.0,41.3,40.86,7454410,324372720.0,1.07,0.02,0.01,0.76
爱克斯龙电力,EXC,2022-03-18,40.86,40.8,41.08,40.41,13085990,565769504.0,1.63,-0.49,-0.2,1.34
爱克斯龙电力,EXC,2022-03-21,40.84,41.21,41.26,40.76,8522349,371074064.0,1.23,1.0,0.41,0.87
爱克斯龙电力,EXC,2022-03-22,41.36,41.18,41.54,40.9,5690295,248008940.0,1.55,-0.07,-0.03,0.58
爱克斯龙电力,EXC,2022-03-23,41.17,41.25,41.56,40.6,7221384,314841088.0,2.33,0.17,0.07,0.74
爱克斯龙电力,EXC,2022-03-24,41.39,42.02,42.12,41.33,4872756,216209907.0,1.92,1.87,0.77,0.5
爱克斯龙电力,EXC,2022-03-25,42.02,43.06,43.1,41.97,5698584,257439502.0,2.69,2.48,1.04,0.58
爱克斯龙电力,EXC,2022-03-28,43.13,43.57,43.58,42.87,9274729,425472048.0,1.65,1.18,0.51,0.95
爱克斯龙电力,EXC,2022-03-29,43.56,44.54,44.57,43.56,8463861,394785536.0,2.32,2.23,0.97,0.86
爱克斯龙电力,EXC,2022-03-30,44.5,44.78,44.8,44.34,6125841,288179456.0,1.03,0.54,0.24,0.62
爱克斯龙电力,EXC,2022-03-31,44.95,45.18,45.58,44.86,8196466,391141456.0,1.61,0.89,0.4,0.84
爱克斯龙电力,EXC,2022-04-01,45.15,45.21,45.38,44.84,10273575,489458752.0,1.2,0.07,0.03,1.05
爱克斯龙电力,EXC,2022-04-04,45.3,44.89,45.34,44.38,6212778,293760784.0,2.12,-0.71,-0.32,0.63
爱克斯龙电力,EXC,2022-04-05,44.88,45.35,45.73,44.88,8562561,410064224.0,1.89,1.02,0.46,0.87
爱克斯龙电力,EXC,2022-04-06,45.61,47.26,47.39,45.46,12439536,612677152.0,4.26,4.21,1.91,1.27
爱克斯龙电力,EXC,2022-04-07,47.05,47.57,47.68,46.82,13464055,670480048.0,1.82,0.66,0.31,1.37
爱克斯龙电力,EXC,2022-04-08,47.66,47.68,47.84,46.8,6020741,301168752.0,2.19,0.23,0.11,0.61
爱克斯龙电力,EXC,2022-04-11,47.48,45.79,47.69,45.72,7488317,364212864.0,4.13,-3.96,-1.89,0.76
爱克斯龙电力,EXC,2022-04-12,45.72,45.6,46.22,45.31,7535552,363112192.0,1.99,-0.41,-0.19,0.77
爱克斯龙电力,EXC,2022-04-13,45.61,46.19,46.27,45.52,7015692,341243264.0,1.64,1.29,0.59,0.72
爱克斯龙电力,EXC,2022-04-14,46.43,46.58,46.9,46.19,6493588,318589344.0,1.54,0.84,0.39,0.66
爱克斯龙电力,EXC,2022-04-18,46.58,46.78,46.93,46.37,5408031,265756608.0,1.2,0.43,0.2,0.55
爱克斯龙电力,EXC,2022-04-19,46.88,47.05,47.15,46.66,4314241,213260912.0,1.05,0.58,0.27,0.44
爱克斯龙电力,EXC,2022-04-20,47.7,47.8,48.21,47.56,6193321,311681328.0,1.38,1.59,0.75,0.63
爱克斯龙电力,EXC,2022-04-21,47.57,47.29,48.26,47.25,5337290,267556613.0,2.11,-1.07,-0.51,0.54
爱克斯龙电力,EXC,2022-04-22,47.23,46.2,47.41,46.11,7508397,369099984.0,2.75,-2.3,-1.09,0.77
爱克斯龙电力,EXC,2022-04-25,46.2,46.32,46.5,45.04,6257119,302154880.0,3.16,0.26,0.12,0.64
爱克斯龙电力,EXC,2022-04-26,45.92,45.97,46.89,45.82,4844573,236145171.0,2.31,-0.76,-0.35,0.49
爱克斯龙电力,EXC,2022-04-27,46.05,45.34,46.4,45.29,6906397,333177968.0,2.41,-1.37,-0.63,0.7
爱克斯龙电力,EXC,2022-04-28,45.4,45.89,46.05,45.12,6496111,312608672.0,2.05,1.21,0.55,0.66
爱克斯龙电力,EXC,2022-04-29,45.71,44.33,45.85,44.26,7185450,339676704.0,3.46,-3.4,-1.56,0.73
爱克斯龙电力,EXC,2022-05-02,44.42,44.2,44.85,43.62,6330065,295517200.0,2.77,-0.29,-0.13,0.65
爱克斯龙电力,EXC,2022-05-03,44.4,44.24,45.18,44.09,4514755,212117638.0,2.47,0.09,0.04,0.46
爱克斯龙电力,EXC,2022-05-04,44.79,45.47,45.5,44.35,8198308,389691728.0,2.6,2.78,1.23,0.84
爱克斯龙电力,EXC,2022-05-05,45.19,44.45,45.23,44.0,7051491,331517264.0,2.71,-2.24,-1.02,0.72
爱克斯龙电力,EXC,2022-05-06,44.41,44.61,44.87,44.04,10963702,515066528.0,1.87,0.36,0.16,1.12
爱克斯龙电力,EXC,2022-05-09,44.61,44.28,44.74,43.83,6466042,302037696.0,2.04,-0.74,-0.33,0.66
爱克斯龙电力,EXC,2022-05-10,44.77,44.31,45.56,43.77,8876164,416304112.0,4.04,0.07,0.03,0.91
爱克斯龙电力,EXC,2022-05-11,44.26,45.17,45.91,44.15,9406440,449421808.0,3.97,1.94,0.86,0.96
爱克斯龙电力,EXC,2022-05-12,45.23,43.74,45.59,43.29,12044403,553421008.0,5.09,-3.17,-1.43,1.23
爱克斯龙电力,EXC,2022-05-13,44.05,44.62,44.66,43.74,5592801,259984997.0,2.1,2.01,0.88,0.57
爱克斯龙电力,EXC,2022-05-16,44.75,44.76,45.15,44.3,4707506,220843367.0,1.9,0.31,0.14,0.48
爱克斯龙电力,EXC,2022-05-17,44.89,45.43,45.45,44.26,5123357,242321937.0,2.66,1.5,0.67,0.52
爱克斯龙电力,EXC,2022-05-18,45.52,45.02,45.78,44.84,6946191,328649040.0,2.07,-0.9,-0.41,0.71
爱克斯龙电力,EXC,2022-05-19,44.95,45.24,45.41,44.31,5821656,274159472.0,2.44,0.49,0.22,0.59
爱克斯龙电力,EXC,2022-05-20,45.26,45.04,45.51,44.24,6175858,289864576.0,2.81,-0.44,-0.2,0.63
爱克斯龙电力,EXC,2022-05-23,45.69,45.78,46.04,45.3,4333195,207296010.0,1.64,1.64,0.74,0.44
爱克斯龙电力,EXC,2022-05-24,45.79,46.72,46.91,45.37,6421590,310976656.0,3.36,2.05,0.94,0.66
爱克斯龙电力,EXC,2022-05-25,46.72,46.91,47.08,46.55,5183642,253708615.0,1.13,0.41,0.19,0.53
爱克斯龙电力,EXC,2022-05-26,46.94,47.05,47.39,46.9,5005359,246352198.0,1.04,0.3,0.14,0.51
爱克斯龙电力,EXC,2022-05-27,46.93,47.74,47.75,46.83,5224897,259449388.0,1.96,1.47,0.69,0.53
爱克斯龙电力,EXC,2022-05-31,47.36,47.04,47.57,46.75,12224693,601447360.0,1.72,-1.47,-0.7,1.25
爱克斯龙电力,EXC,2022-06-01,47.39,47.08,47.39,46.58,4850941,238320761.0,1.72,0.09,0.04,0.49
爱克斯龙电力,EXC,2022-06-02,47.37,46.88,47.38,45.97,5221835,254885470.0,2.99,-0.42,-0.2,0.53
爱克斯龙电力,EXC,2022-06-03,46.63,46.62,47.09,46.56,4445170,217155187.0,1.13,-0.55,-0.26,0.45
爱克斯龙电力,EXC,2022-06-06,46.99,46.44,47.03,46.33,4454907,216948766.0,1.5,-0.39,-0.18,0.45
爱克斯龙电力,EXC,2022-06-07,46.48,46.94,47.02,46.19,4058882,198050479.0,1.79,1.08,0.5,0.41
爱克斯龙电力,EXC,2022-06-08,46.82,46.06,47.12,45.95,5527106,268040112.0,2.49,-1.87,-0.88,0.56
爱克斯龙电力,EXC,2022-06-09,45.81,44.55,46.04,44.42,5264406,248792188.0,3.52,-3.28,-1.51,0.54
爱克斯龙电力,EXC,2022-06-10,44.01,43.9,44.31,43.59,6626515,305516016.0,1.62,-1.46,-0.65,0.68
爱克斯龙电力,EXC,2022-06-13,43.15,41.57,43.33,41.41,8093687,357308832.0,4.37,-5.31,-2.33,0.83
爱克斯龙电力,EXC,2022-06-14,41.7,40.2,41.8,39.62,9114138,387651984.0,5.24,-3.3,-1.37,0.93
爱克斯龙电力,EXC,2022-06-15,40.55,40.15,40.93,39.54,7565681,320414976.0,3.46,-0.12,-0.05,0.77
爱克斯龙电力,EXC,2022-06-16,39.4,39.11,39.62,38.66,7851118,323292576.0,2.39,-2.59,-1.04,0.8
爱克斯龙电力,EXC,2022-06-17,39.28,38.8,39.5,38.06,14637815,598743200.0,3.68,-0.79,-0.31,1.49
爱克斯龙电力,EXC,2022-06-21,39.12,39.49,39.78,38.9,6421684,267034682.0,2.27,1.78,0.69,0.66
爱克斯龙电力,EXC,2022-06-22,39.16,39.58,40.06,39.0,5921894,247579520.0,2.68,0.23,0.09,0.6
爱克斯龙电力,EXC,2022-06-23,39.84,40.12,40.31,39.7,4917928,207326999.0,1.54,1.36,0.54,0.5
爱克斯龙电力,EXC,2022-06-24,40.2,41.18,41.25,40.0,7172474,309273440.0,3.12,2.64,1.06,0.73
爱克斯龙电力,EXC,2022-06-27,41.1,41.78,42.05,40.98,4465395,195745188.0,2.6,1.46,0.6,0.46
爱克斯龙电力,EXC,2022-06-28,41.86,41.77,42.3,41.49,5864314,257642673.0,1.94,-0.02,-0.01,0.6
爱克斯龙电力,EXC,2022-06-29,41.83,42.23,42.36,41.82,4833535,213726957.0,1.29,1.1,0.46,0.49
爱克斯龙电力,EXC,2022-06-30,42.04,43.21,43.55,41.77,10676452,482944992.0,4.22,2.32,0.98,1.09
爱克斯龙电力,EXC,2022-07-01,43.09,43.96,44.02,43.03,7685377,351847360.0,2.29,1.74,0.75,0.78
爱克斯龙电力,EXC,2022-07-05,43.73,41.51,43.79,40.64,8065009,351192576.0,7.17,-5.57,-2.45,0.82
爱克斯龙电力,EXC,2022-07-06,42.03,42.15,42.6,41.43,4615781,204001632.0,2.82,1.54,0.64,0.47
爱克斯龙电力,EXC,2022-07-07,42.7,42.28,43.02,42.24,4554267,203146497.0,1.85,0.31,0.13,0.46
爱克斯龙电力,EXC,2022-07-08,42.45,42.18,42.59,41.9,3449768,152901257.0,1.63,-0.24,-0.1,0.35
爱克斯龙电力,EXC,2022-07-11,42.13,42.32,42.43,41.63,3848056,170400570.0,1.9,0.33,0.14,0.39
爱克斯龙电力,EXC,2022-07-12,42.27,42.12,42.86,41.89,3997289,177947061.0,2.29,-0.47,-0.2,0.41
爱克斯龙电力,EXC,2022-07-13,41.56,41.49,42.15,41.36,4895213,214499328.0,1.88,-1.5,-0.63,0.5
爱克斯龙电力,EXC,2022-07-14,40.78,42.04,42.11,40.63,4504104,197278040.0,3.57,1.33,0.55,0.46
爱克斯龙电力,EXC,2022-07-15,42.2,42.12,42.49,41.53,4905260,216713320.0,2.28,0.19,0.08,0.5
爱克斯龙电力,EXC,2022-07-18,42.19,41.65,42.41,41.63,3669435,161330759.0,1.85,-1.12,-0.47,0.37
爱克斯龙电力,EXC,2022-07-19,42.11,41.59,42.24,41.51,7205061,315619440.0,1.75,-0.14,-0.06,0.73
爱克斯龙电力,EXC,2022-07-20,41.79,40.99,42.01,40.98,8758511,379890992.0,2.48,-1.44,-0.6,0.89
爱克斯龙电力,EXC,2022-07-21,41.06,41.15,41.18,40.62,6199937,267269940.0,1.37,0.39,0.16,0.63
爱克斯龙电力,EXC,2022-07-22,41.37,41.91,41.99,41.36,4120817,180656572.0,1.53,1.85,0.76,0.42
爱克斯龙电力,EXC,2022-07-25,41.99,42.31,42.45,41.77,3561769,158022357.0,1.62,0.95,0.4,0.36
爱克斯龙电力,EXC,2022-07-26,42.52,42.59,42.86,42.24,4655737,208179476.0,1.47,0.66,0.28,0.47
爱克斯龙电力,EXC,2022-07-27,42.43,42.35,42.56,41.91,7081963,314369184.0,1.53,-0.56,-0.24,0.72
爱克斯龙电力,EXC,2022-07-28,42.92,44.16,44.19,42.7,8173456,373782144.0,3.52,4.27,1.81,0.83
爱克斯龙电力,EXC,2022-07-29,43.91,44.38,44.64,43.91,4581965,213127750.0,1.65,0.5,0.22,0.47
爱克斯龙电力,EXC,2022-08-01,44.3,44.0,44.49,43.41,5684245,261197860.0,2.43,-0.86,-0.38,0.58
爱克斯龙电力,EXC,2022-08-02,44.17,43.72,44.41,43.64,5300317,244520285.0,1.75,-0.64,-0.28,0.54
爱克斯龙电力,EXC,2022-08-03,42.16,42.2,42.88,41.85,10693172,474244752.0,2.36,-3.48,-1.52,1.09
爱克斯龙电力,EXC,2022-08-04,42.38,42.95,43.26,42.32,6942443,312868640.0,2.23,1.78,0.75,0.71
爱克斯龙电力,EXC,2022-08-05,42.89,42.66,43.49,42.02,11593768,519052992.0,3.42,-0.68,-0.29,1.18
爱克斯龙电力,EXC,2022-08-08,43.26,42.87,43.42,42.59,3993606,179838804.0,1.95,0.49,0.21,0.41
爱克斯龙电力,EXC,2022-08-09,43.02,43.29,43.47,42.86,4920883,223315743.0,1.42,0.98,0.42,0.5
爱克斯龙电力,EXC,2022-08-10,43.45,43.42,43.57,42.74,4985958,226159004.0,1.92,0.3,0.13,0.5
爱克斯龙电力,EXC,2022-08-11,43.48,43.59,44.19,43.32,4249044,195036486.0,2.0,0.39,0.17,0.43
爱克斯龙电力,EXC,2022-08-12,43.72,44.39,44.48,43.71,4872535,224358863.0,1.77,1.84,0.8,0.49
爱克斯龙电力,EXC,2022-08-15,44.25,44.92,44.97,44.24,4595239,213765456.0,1.64,1.19,0.53,0.46
爱克斯龙电力,EXC,2022-08-16,44.87,44.91,45.45,44.79,5112433,239944789.0,1.47,-0.02,-0.01,0.52
爱克斯龙电力,EXC,2022-08-17,44.64,44.47,44.76,44.21,5561416,257144783.0,1.22,-0.98,-0.44,0.56
爱克斯龙电力,EXC,2022-08-18,44.54,44.53,44.93,44.36,6845268,317212816.0,1.28,0.13,0.06,0.69
爱克斯龙电力,EXC,2022-08-19,44.48,44.36,44.71,44.26,7242671,334786352.0,1.01,-0.38,-0.17,0.73
爱克斯龙电力,EXC,2022-08-22,44.16,43.57,44.25,43.44,3908733,178058817.0,1.83,-1.78,-0.79,0.39
爱克斯龙电力,EXC,2022-08-23,43.49,43.29,43.58,42.93,7160419,322760464.0,1.49,-0.64,-0.28,0.72
爱克斯龙电力,EXC,2022-08-24,43.18,43.71,43.76,43.15,8468117,383719360.0,1.41,0.97,0.42,0.85
爱克斯龙电力,EXC,2022-08-25,43.9,44.04,44.16,43.5,7465196,341384112.0,1.51,0.75,0.33,0.75
爱克斯龙电力,EXC,2022-08-26,44.29,42.93,44.36,42.89,7581739,342224192.0,3.34,-2.52,-1.11,0.76
爱克斯龙电力,EXC,2022-08-29,42.6,43.22,43.59,42.46,5045450,226852400.0,2.63,0.68,0.29,0.51
爱克斯龙电力,EXC,2022-08-30,43.19,42.28,43.33,42.1,4535670,200643257.0,2.85,-2.17,-0.94,0.46
爱克斯龙电力,EXC,2022-08-31,42.26,42.13,42.91,42.12,8360559,368772944.0,1.87,-0.35,-0.15,0.84
爱克斯龙电力,EXC,2022-09-01,41.94,42.67,42.81,41.94,5398837,239196964.0,2.07,1.28,0.54,0.54
爱克斯龙电力,EXC,2022-09-02,42.94,42.3,43.49,42.21,6900628,307349104.0,3.0,-0.87,-0.37,0.7
爱克斯龙电力,EXC,2022-09-06,42.43,42.11,43.13,42.02,5566736,246123814.0,2.62,-0.45,-0.19,0.56
爱克斯龙电力,EXC,2022-09-07,42.4,43.33,43.71,42.33,10215903,460804992.0,3.28,2.9,1.22,1.03
爱克斯龙电力,EXC,2022-09-08,43.08,43.59,43.9,43.03,7210529,326931216.0,2.01,0.6,0.26,0.73
爱克斯龙电力,EXC,2022-09-09,43.99,44.06,44.35,43.65,6476686,296939488.0,1.61,1.08,0.47,0.65
爱克斯龙电力,EXC,2022-09-12,44.16,44.33,44.41,43.82,7599031,349282880.0,1.34,0.61,0.27,0.77
爱克斯龙电力,EXC,2022-09-13,43.85,42.24,43.95,42.04,7948746,353613200.0,4.31,-4.71,-2.09,0.8
爱克斯龙电力,EXC,2022-09-14,42.26,42.57,42.93,42.23,6671441,295845216.0,1.66,0.78,0.33,0.67
爱克斯龙电力,EXC,2022-09-15,42.3,41.46,42.32,41.33,5741795,249370802.0,2.33,-2.61,-1.11,0.58
爱克斯龙电力,EXC,2022-09-16,41.45,41.43,41.63,41.04,12995405,561375920.0,1.42,-0.07,-0.03,1.31
爱克斯龙电力,EXC,2022-09-19,41.16,41.61,41.62,41.0,6484621,280036128.0,1.5,0.43,0.18,0.65
爱克斯龙电力,EXC,2022-09-20,41.21,41.0,41.39,40.86,6440952,275830928.0,1.27,-1.47,-0.61,0.65
爱克斯龙电力,EXC,2022-09-21,41.24,40.32,41.58,40.29,6411209,274270096.0,3.15,-1.66,-0.68,0.65
爱克斯龙电力,EXC,2022-09-22,40.28,39.9,40.33,39.7,6492397,271092960.0,1.56,-1.04,-0.42,0.65
爱克斯龙电力,EXC,2022-09-23,39.39,39.89,40.11,39.03,8677264,360656272.0,2.71,-0.03,-0.01,0.87
爱克斯龙电力,EXC,2022-09-26,39.89,38.8,39.92,38.4,6173011,251068421.0,3.81,-2.73,-1.09,0.62
爱克斯龙电力,EXC,2022-09-27,38.95,38.37,39.22,37.95,8304180,333909776.0,3.27,-1.11,-0.43,0.84
爱克斯龙电力,EXC,2022-09-28,38.59,37.9,38.79,37.85,10342524,412909456.0,2.45,-1.22,-0.47,1.04
爱克斯龙电力,EXC,2022-09-29,37.64,35.97,37.69,35.6,14031140,531338528.0,5.51,-5.09,-1.93,1.41
爱克斯龙电力,EXC,2022-09-30,36.16,35.68,36.45,35.58,9616952,362412592.0,2.42,-0.81,-0.29,0.97
爱克斯龙电力,EXC,2022-10-03,36.47,36.7,37.06,36.0,10537729,406066400.0,2.97,2.86,1.02,1.06
爱克斯龙电力,EXC,2022-10-04,36.97,38.23,38.26,36.89,12357292,490456144.0,3.73,4.17,1.53,1.24
爱克斯龙电力,EXC,2022-10-05,37.47,36.92,37.58,36.39,9915337,384108176.0,3.11,-3.43,-1.31,1.0
爱克斯龙电力,EXC,2022-10-06,36.78,35.98,36.89,35.91,7820266,297087744.0,2.65,-2.55,-0.94,0.79
爱克斯龙电力,EXC,2022-10-07,35.91,35.18,36.06,34.98,7119519,263639926.0,3.0,-2.22,-0.8,0.72
爱克斯龙电力,EXC,2022-10-10,35.39,36.03,36.14,35.39,11501206,433568480.0,2.13,2.42,0.85,1.16
爱克斯龙电力,EXC,2022-10-11,35.92,35.69,36.46,35.62,8315528,314407568.0,2.33,-0.94,-0.34,0.84
爱克斯龙电力,EXC,2022-10-12,35.76,34.18,35.77,34.16,7568461,275711488.0,4.51,-4.23,-1.51,0.76
爱克斯龙电力,EXC,2022-10-13,33.63,35.45,35.64,33.54,9324617,341791040.0,6.14,3.72,1.27,0.94
爱克斯龙电力,EXC,2022-10-14,35.8,34.81,36.07,34.71,6830065,250829074.0,3.84,-1.81,-0.64,0.69
爱克斯龙电力,EXC,2022-10-17,35.52,35.32,36.07,35.23,7906186,294752560.0,2.41,1.47,0.51,0.8
爱克斯龙电力,EXC,2022-10-18,35.78,35.78,36.27,35.49,7505432,281930304.0,2.21,1.3,0.46,0.76
爱克斯龙电力,EXC,2022-10-19,35.15,35.07,35.68,35.0,6263270,231884778.0,1.9,-1.98,-0.71,0.63
爱克斯龙电力,EXC,2022-10-20,34.86,33.76,34.89,33.41,10085720,360468816.0,4.22,-3.74,-1.31,1.01
爱克斯龙电力,EXC,2022-10-21,33.96,34.94,35.21,33.67,11674862,424246928.0,4.56,3.5,1.18,1.17
爱克斯龙电力,EXC,2022-10-24,35.17,35.09,35.48,34.89,5191832,191731704.0,1.69,0.43,0.15,0.52
爱克斯龙电力,EXC,2022-10-25,35.09,35.98,36.09,35.07,7483723,281452080.0,2.91,2.54,0.89,0.75
爱克斯龙电力,EXC,2022-10-26,36.03,35.83,36.51,35.58,13319895,501678352.0,2.58,-0.42,-0.15,1.34
爱克斯龙电力,EXC,2022-10-27,36.28,35.92,36.77,35.83,9687821,368087440.0,2.62,0.25,0.09,0.97
爱克斯龙电力,EXC,2022-10-28,35.97,36.98,37.03,35.97,7594377,292604880.0,2.95,2.95,1.06,0.76
爱克斯龙电力,EXC,2022-10-31,36.92,36.81,37.08,36.61,6293731,243120542.0,1.27,-0.46,-0.17,0.63
爱克斯龙电力,EXC,2022-11-01,37.12,36.98,37.23,36.76,5368675,208113616.0,1.28,0.46,0.17,0.54
爱克斯龙电力,EXC,2022-11-02,36.71,36.26,37.49,36.2,8601357,330845744.0,3.49,-1.95,-0.72,0.87
爱克斯龙电力,EXC,2022-11-03,34.34,35.18,36.02,34.32,14922120,554305280.0,4.69,-2.98,-1.08,1.5
爱克斯龙电力,EXC,2022-11-04,35.4,35.4,35.75,34.6,12529724,463759088.0,3.27,0.63,0.22,1.26
爱克斯龙电力,EXC,2022-11-07,35.69,34.9,35.85,34.25,11146216,409085888.0,4.52,-1.41,-0.5,1.12
爱克斯龙电力,EXC,2022-11-08,34.84,35.93,36.04,34.84,11552477,432551584.0,3.44,2.95,1.03,1.16
爱克斯龙电力,EXC,2022-11-09,35.79,35.91,36.49,35.76,11904393,450972368.0,2.03,-0.06,-0.02,1.2
爱克斯龙电力,EXC,2022-11-10,37.21,37.22,37.33,36.41,8648413,334958112.0,2.56,3.65,1.31,0.87
爱克斯龙电力,EXC,2022-11-11,37.38,37.33,37.59,36.68,7487782,291809456.0,2.44,0.3,0.11,0.75
爱克斯龙电力,EXC,2022-11-14,37.56,36.62,37.63,36.59,6553758,251268874.0,2.79,-1.9,-0.71,0.66
爱克斯龙电力,EXC,2022-11-15,36.98,36.8,37.39,36.34,6885586,263349635.0,2.87,0.49,0.18,0.69
爱克斯龙电力,EXC,2022-11-16,36.87,36.62,37.28,36.59,5964019,228008138.0,1.88,-0.49,-0.18,0.6
爱克斯龙电力,EXC,2022-11-17,36.22,36.04,36.44,35.8,5341799,200283659.0,1.75,-1.58,-0.58,0.54
爱克斯龙电力,EXC,2022-11-18,36.4,37.14,37.29,36.16,7599060,290942528.0,3.14,3.05,1.1,0.76
爱克斯龙电力,EXC,2022-11-21,37.07,37.26,37.39,36.92,5784330,223228350.0,1.27,0.32,0.12,0.58
爱克斯龙电力,EXC,2022-11-22,37.61,38.01,38.08,37.48,7653647,300745840.0,1.61,2.01,0.75,0.77
爱克斯龙电力,EXC,2022-11-23,37.86,38.43,38.44,37.77,6215564,245966908.0,1.76,1.1,0.42,0.63
爱克斯龙电力,EXC,2022-11-25,38.54,38.63,38.83,38.5,3381201,135670863.0,0.86,0.52,0.2,0.34
爱克斯龙电力,EXC,2022-11-28,38.59,38.79,38.97,38.39,10027653,402758304.0,1.5,0.41,0.16,1.01
爱克斯龙电力,EXC,2022-11-29,38.57,38.56,38.67,38.17,7992471,318738336.0,1.29,-0.59,-0.23,0.8
爱克斯龙电力,EXC,2022-11-30,38.51,39.93,39.95,38.45,13045695,536071296.0,3.89,3.55,1.37,1.31
爱克斯龙电力,EXC,2022-12-01,40.22,40.09,40.6,39.74,7897042,327694288.0,2.15,0.4,0.16,0.79
爱克斯龙电力,EXC,2022-12-02,39.74,40.01,40.03,39.35,5736168,236355403.0,1.7,-0.2,-0.08,0.58
爱克斯龙电力,EXC,2022-12-05,39.74,40.31,40.35,39.63,8675586,360868048.0,1.8,0.75,0.3,0.87
爱克斯龙电力,EXC,2022-12-06,40.32,41.43,41.56,40.32,19809316,844353200.0,3.08,2.78,1.12,1.99
爱克斯龙电力,EXC,2022-12-07,41.43,40.87,41.5,40.69,14466756,615137728.0,1.96,-1.35,-0.56,1.46
爱克斯龙电力,EXC,2022-12-08,40.78,40.33,40.94,40.13,9186653,384834608.0,1.98,-1.32,-0.54,0.92
爱克斯龙电力,EXC,2022-12-09,40.39,39.98,40.64,39.97,5334209,222170727.0,1.66,-0.87,-0.35,0.54
爱克斯龙电力,EXC,2022-12-12,40.15,41.06,41.09,39.74,5326053,223850480.0,3.38,2.7,1.08,0.54
爱克斯龙电力,EXC,2022-12-13,41.85,41.1,42.07,40.75,8747586,373247568.0,3.21,0.1,0.04,0.88
爱克斯龙电力,EXC,2022-12-14,41.25,41.38,42.21,41.03,7271206,312507264.0,2.87,0.68,0.28,0.73
爱克斯龙电力,EXC,2022-12-15,41.26,40.94,41.35,40.55,6088536,257752656.0,1.93,-1.06,-0.44,0.61
爱克斯龙电力,EXC,2022-12-16,40.41,40.49,40.58,39.4,18680209,780146960.0,2.88,-1.1,-0.45,1.88
爱克斯龙电力,EXC,2022-12-19,40.38,40.33,40.88,40.14,6261042,262167097.0,1.83,-0.4,-0.16,0.63
爱克斯龙电力,EXC,2022-12-20,40.34,40.62,40.89,39.99,7406610,311261600.0,2.23,0.72,0.29,0.75
爱克斯龙电力,EXC,2022-12-21,40.92,41.19,41.28,40.76,4721872,200603238.0,1.28,1.4,0.57,0.48
爱克斯龙电力,EXC,2022-12-22,40.96,41.08,41.11,40.42,6051859,256019215.0,1.68,-0.27,-0.11,0.61
爱克斯龙电力,EXC,2022-12-23,41.04,41.6,41.64,40.94,3317966,142168884.0,1.7,1.27,0.52,0.33
爱克斯龙电力,EXC,2022-12-27,41.73,41.71,41.83,41.42,6136084,264646750.0,0.99,0.26,0.11,0.62
爱克斯龙电力,EXC,2022-12-28,41.81,41.5,42.05,41.41,3852629,165666052.0,1.53,-0.5,-0.21,0.39
爱克斯龙电力,EXC,2022-12-29,41.73,41.69,42.02,41.6,3207501,138672085.0,1.01,0.46,0.19,0.32
爱克斯龙电力,EXC,2022-12-30,41.7,41.79,41.87,41.41,6185267,266728063.0,1.1,0.24,0.1,0.62
爱克斯龙电力,EXC,2023-01-03,41.81,41.72,41.91,40.99,5156717,221366131.0,2.2,-0.17,-0.07,0.52
爱克斯龙电力,EXC,2023-01-04,41.95,42.29,42.52,41.78,4379565,191033682.0,1.77,1.37,0.57,0.44
爱克斯龙电力,EXC,2023-01-05,41.97,41.34,42.04,40.85,8060586,344346032.0,2.81,-2.25,-0.95,0.81
爱克斯龙电力,EXC,2023-01-06,41.8,42.23,42.48,41.7,6971935,304377632.0,1.89,2.15,0.89,0.7
爱克斯龙电力,EXC,2023-01-09,42.14,42.71,42.93,41.9,9541708,418875248.0,2.44,1.14,0.48,0.96
爱克斯龙电力,EXC,2023-01-10,42.42,42.25,42.62,41.73,4502833,196054559.0,2.08,-1.08,-0.46,0.45
爱克斯龙电力,EXC,2023-01-11,42.24,42.7,42.8,42.13,5144188,226464661.0,1.59,1.07,0.45,0.52
爱克斯龙电力,EXC,2023-01-12,42.57,41.94,42.66,41.85,6937153,302175376.0,1.9,-1.78,-0.76,0.7
爱克斯龙电力,EXC,2023-01-13,41.69,41.94,42.1,41.45,5776477,250200025.0,1.55,0.0,0.0,0.58
爱克斯龙电力,EXC,2023-01-17,41.8,41.72,42.04,41.54,4599766,198579377.0,1.19,-0.52,-0.22,0.46
爱克斯龙电力,EXC,2023-01-18,41.72,40.79,41.81,40.68,4586945,194488444.0,2.71,-2.23,-0.93,0.46
爱克斯龙电力,EXC,2023-01-19,40.74,40.6,40.81,40.24,5570904,233907453.0,1.4,-0.47,-0.19,0.56
爱克斯龙电力,EXC,2023-01-20,40.56,40.9,40.95,40.02,5209749,219106810.0,2.29,0.74,0.3,0.52
爱克斯龙电力,EXC,2023-01-23,40.65,40.38,40.95,40.3,4702766,197505607.0,1.59,-1.27,-0.52,0.47
爱克斯龙电力,EXC,2023-01-24,40.42,40.07,40.52,39.8,3871448,160703806.0,1.78,-0.77,-0.31,0.39
爱克斯龙电力,EXC,2023-01-25,39.78,39.98,40.12,39.51,5448639,225085284.0,1.52,-0.22,-0.09,0.55
爱克斯龙电力,EXC,2023-01-26,39.92,40.16,40.25,39.75,3704356,153851130.0,1.25,0.45,0.18,0.37
爱克斯龙电力,EXC,2023-01-27,40.07,40.25,40.37,39.84,4773108,198645343.0,1.32,0.22,0.09,0.48
爱克斯龙电力,EXC,2023-01-30,40.14,40.31,40.84,40.05,3836465,160642960.0,1.96,0.15,0.06,0.39
爱克斯龙电力,EXC,2023-01-31,40.41,40.75,40.81,40.17,5133849,215591370.0,1.59,1.09,0.44,0.52
爱克斯龙电力,EXC,2023-02-01,40.47,40.86,41.16,40.2,6373820,268135848.0,2.36,0.27,0.11,0.64
爱克斯龙电力,EXC,2023-02-02,40.75,40.45,41.51,40.35,9350950,394006080.0,2.84,-1.0,-0.41,0.94
爱克斯龙电力,EXC,2023-02-03,40.08,39.46,40.16,38.65,6980170,284324032.0,3.73,-2.45,-0.99,0.7
爱克斯龙电力,EXC,2023-02-06,39.44,39.52,39.6,38.85,6949293,283041584.0,1.9,0.15,0.06,0.7
爱克斯龙电力,EXC,2023-02-07,39.4,39.38,39.58,38.86,5374225,218834411.0,1.82,-0.35,-0.14,0.54
爱克斯龙电力,EXC,2023-02-08,39.04,38.8,39.06,38.46,6619015,265543260.0,1.52,-1.47,-0.58,0.67
爱克斯龙电力,EXC,2023-02-09,38.83,38.55,39.11,38.25,6727770,269378928.0,2.22,-0.64,-0.25,0.68
爱克斯龙电力,EXC,2023-02-10,38.73,39.27,39.32,38.45,8817963,356926544.0,2.26,1.87,0.72,0.89
爱克斯龙电力,EXC,2023-02-13,39.28,39.75,39.75,39.21,5163738,211881369.0,1.38,1.22,0.48,0.52
爱克斯龙电力,EXC,2023-02-14,40.38,40.59,41.35,40.08,8258578,347319888.0,3.19,2.11,0.84,0.83
爱克斯龙电力,EXC,2023-02-15,40.34,41.23,41.38,40.27,8479486,360579696.0,2.73,1.58,0.64,0.85
爱克斯龙电力,EXC,2023-02-16,40.83,41.05,41.34,40.45,6338900,268866912.0,2.16,-0.44,-0.18,0.64
爱克斯龙电力,EXC,2023-02-17,41.5,41.61,41.9,41.08,9367004,403386208.0,2.0,1.36,0.56,0.94
爱克斯龙电力,EXC,2023-02-21,41.24,40.79,41.44,40.64,6676000,282629280.0,1.92,-1.97,-0.82,0.67
爱克斯龙电力,EXC,2023-02-22,40.69,40.4,41.08,40.25,6907158,290396672.0,2.03,-0.96,-0.39,0.69
爱克斯龙电力,EXC,2023-02-23,40.4,40.4,40.52,40.02,5860941,244672135.0,1.24,0.0,0.0,0.59
爱克斯龙电力,EXC,2023-02-24,40.02,40.24,40.34,39.83,7671720,316184576.0,1.26,-0.4,-0.16,0.77
爱克斯龙电力,EXC,2023-02-27,40.47,40.35,41.14,40.26,5390107,224286391.0,2.19,0.27,0.11,0.54
爱克斯龙电力,EXC,2023-02-28,40.19,39.31,40.3,39.26,22622276,916745024.0,2.58,-2.58,-1.04,2.28
爱克斯龙电力,EXC,2023-03-01,38.99,38.67,39.11,38.41,7707804,306774160.0,1.78,-1.63,-0.64,0.78
爱克斯龙电力,EXC,2023-03-02,38.55,39.3,39.33,38.46,8843838,353449936.0,2.25,1.63,0.63,0.89
爱克斯龙电力,EXC,2023-03-03,39.41,40.3,40.34,39.24,7547285,310556912.0,2.8,2.54,1.0,0.76
爱克斯龙电力,EXC,2023-03-06,40.37,40.41,40.55,39.95,6484522,268275346.0,1.49,0.27,0.11,0.65
爱克斯龙电力,EXC,2023-03-07,40.56,39.92,40.75,39.53,8039502,329970240.0,3.02,-1.21,-0.49,0.81
爱克斯龙电力,EXC,2023-03-08,39.96,40.17,40.28,39.68,4665580,191843947.0,1.5,0.63,0.25,0.47
爱克斯龙电力,EXC,2023-03-09,40.24,39.51,40.53,39.42,5046453,206541758.0,2.76,-1.64,-0.66,0.51
爱克斯龙电力,EXC,2023-03-10,39.72,39.1,39.82,38.76,6166354,248226696.0,2.68,-1.04,-0.41,0.62
爱克斯龙电力,EXC,2023-03-13,39.0,40.31,40.44,38.92,10910971,450283632.0,3.89,3.09,1.21,1.1
爱克斯龙电力,EXC,2023-03-14,40.55,40.26,40.67,39.81,7436050,307424912.0,2.13,-0.12,-0.05,0.75
爱克斯龙电力,EXC,2023-03-15,39.95,40.76,41.05,39.58,10791409,448596720.0,3.65,1.24,0.5,1.09
爱克斯龙电力,EXC,2023-03-16,40.5,41.07,41.11,40.12,8506728,356093984.0,2.43,0.76,0.31,0.86
爱克斯龙电力,EXC,2023-03-17,40.95,41.06,41.18,40.27,28178198,1183301072.0,2.22,-0.02,-0.01,2.83
爱克斯龙电力,EXC,2023-03-20,41.06,40.74,41.31,40.7,12383252,520342960.0,1.49,-0.78,-0.32,1.25
爱克斯龙电力,EXC,2023-03-21,40.87,39.6,40.95,39.16,10248757,417870032.0,4.39,-2.8,-1.14,1.03
爱克斯龙电力,EXC,2023-03-22,39.26,38.6,39.71,38.58,9537169,382127600.0,2.85,-2.53,-1.0,0.96
爱克斯龙电力,EXC,2023-03-23,38.56,38.12,39.22,37.9,8451991,333964000.0,3.42,-1.24,-0.48,0.85
爱克斯龙电力,EXC,2023-03-24,38.05,39.16,39.17,37.98,6985036,278014592.0,3.12,2.73,1.04,0.7
爱克斯龙电力,EXC,2023-03-27,39.39,39.44,39.83,39.32,5372074,218041276.0,1.3,0.72,0.28,0.54
爱克斯龙电力,EXC,2023-03-28,39.46,39.74,40.15,39.37,6953388,283898128.0,1.98,0.76,0.3,0.7
爱克斯龙电力,EXC,2023-03-29,39.85,40.07,40.28,39.84,6126691,252137002.0,1.11,0.83,0.33,0.62
爱克斯龙电力,EXC,2023-03-30,40.34,40.37,40.83,40.14,5341419,221676929.0,1.72,0.75,0.3,0.54
爱克斯龙电力,EXC,2023-03-31,40.47,40.81,40.85,40.27,5378220,224509477.0,1.44,1.09,0.44,0.54
爱克斯龙电力,EXC,2023-04-03,40.73,40.73,41.09,40.36,5013247,209889709.0,1.79,-0.2,-0.08,0.5
爱克斯龙电力,EXC,2023-04-04,40.68,40.78,40.99,40.53,4131814,173065235.0,1.13,0.12,0.05,0.42
爱克斯龙电力,EXC,2023-04-05,40.93,41.85,42.0,40.93,7595182,325271712.0,2.62,2.62,1.07,0.76
爱克斯龙电力,EXC,2023-04-06,42.05,41.98,42.25,41.69,8745500,375841552.0,1.34,0.31,0.13,0.88
爱克斯龙电力,EXC,2023-04-10,41.85,42.18,42.2,41.35,5005590,215445430.0,2.02,0.48,0.2,0.5
爱克斯龙电力,EXC,2023-04-11,42.27,42.18,42.35,41.99,4589338,198626632.0,0.85,0.0,0.0,0.46
爱克斯龙电力,EXC,2023-04-12,42.22,42.0,42.42,41.88,7717312,333227248.0,1.28,-0.43,-0.18,0.78
爱克斯龙电力,EXC,2023-04-13,41.87,41.81,41.95,40.87,12061450,513971296.0,2.57,-0.45,-0.19,1.21
爱克斯龙电力,EXC,2023-04-14,41.34,41.05,41.52,40.84,6651163,280339760.0,1.63,-1.82,-0.76,0.67
爱克斯龙电力,EXC,2023-04-17,41.24,41.59,41.64,41.12,5737280,244350896.0,1.27,1.32,0.54,0.58
爱克斯龙电力,EXC,2023-04-18,41.72,41.77,41.96,41.5,4393573,188131761.0,1.11,0.43,0.18,0.44
爱克斯龙电力,EXC,2023-04-19,41.67,41.96,42.03,41.67,3376965,145195925.0,0.86,0.45,0.19,0.34
爱克斯龙电力,EXC,2023-04-20,42.0,41.92,42.06,41.58,4304816,184769697.0,1.14,-0.1,-0.04,0.43
爱克斯龙电力,EXC,2023-04-21,42.14,42.14,42.24,41.75,4430053,191013976.0,1.17,0.52,0.22,0.45
爱克斯龙电力,EXC,2023-04-24,42.11,42.37,42.54,41.74,4687371,203321141.0,1.9,0.55,0.23,0.47
爱克斯龙电力,EXC,2023-04-25,42.22,42.53,42.63,42.22,3007196,131067592.0,0.97,0.38,0.16,0.3
爱克斯龙电力,EXC,2023-04-26,42.24,41.71,42.46,41.53,5213776,223602405.0,2.19,-1.93,-0.82,0.52
爱克斯龙电力,EXC,2023-04-27,41.84,41.7,42.19,41.55,6959378,298344224.0,1.53,-0.02,-0.01,0.7
爱克斯龙电力,EXC,2023-04-28,41.7,41.36,41.95,41.29,11350478,483450992.0,1.58,-0.82,-0.34,1.14
爱克斯龙电力,EXC,2023-05-01,41.37,42.1,42.32,41.31,8188490,352996208.0,2.44,1.79,0.74,0.82
爱克斯龙电力,EXC,2023-05-02,42.08,41.49,42.27,41.3,6183910,264230318.0,2.3,-1.45,-0.61,0.62
爱克斯龙电力,EXC,2023-05-03,41.79,41.25,42.15,41.12,6138797,261359930.0,2.48,-0.58,-0.24,0.62
爱克斯龙电力,EXC,2023-05-04,41.34,41.48,41.99,40.45,6322050,268659584.0,3.73,0.56,0.23,0.64
爱克斯龙电力,EXC,2023-05-05,41.5,41.77,41.97,41.4,3849856,164552165.0,1.37,0.7,0.29,0.39
爱克斯龙电力,EXC,2023-05-08,41.79,41.69,42.25,41.55,4748639,203277894.0,1.68,-0.19,-0.08,0.48
爱克斯龙电力,EXC,2023-05-09,41.52,41.54,41.73,41.11,5559034,236686090.0,1.49,-0.36,-0.15,0.56
爱克斯龙电力,EXC,2023-05-10,41.68,41.84,41.97,41.35,5421023,232109820.0,1.49,0.72,0.3,0.55
爱克斯龙电力,EXC,2023-05-11,41.76,41.4,41.94,41.15,5803429,246652794.0,1.89,-1.05,-0.44,0.58
爱克斯龙电力,EXC,2023-05-12,41.71,41.03,41.97,40.71,8934216,373816880.0,3.04,-0.89,-0.37,0.9
爱克斯龙电力,EXC,2023-05-15,41.28,40.04,41.28,39.72,6569363,268039305.0,3.8,-2.41,-0.99,0.66
爱克斯龙电力,EXC,2023-05-16,40.04,38.65,40.09,38.61,8434577,335789664.0,3.7,-3.47,-1.39,0.85
爱克斯龙电力,EXC,2023-05-17,38.63,38.54,39.08,38.33,6907349,271447008.0,1.94,-0.28,-0.11,0.69
爱克斯龙电力,EXC,2023-05-18,38.38,38.67,38.73,38.16,6997486,274463744.0,1.48,0.34,0.13,0.7
爱克斯龙电力,EXC,2023-05-19,38.72,39.15,39.28,38.69,11999391,477813600.0,1.53,1.24,0.48,1.21
爱克斯龙电力,EXC,2023-05-22,39.44,39.4,39.75,39.05,6120674,245212449.0,1.79,0.64,0.25,0.62
爱克斯龙电力,EXC,2023-05-23,39.39,39.72,40.04,39.13,13711975,554322112.0,2.31,0.81,0.32,1.38
爱克斯龙电力,EXC,2023-05-24,39.82,39.43,39.94,39.36,4638895,186670255.0,1.46,-0.73,-0.29,0.47
爱克斯龙电力,EXC,2023-05-25,39.04,38.79,39.2,38.44,7033004,277864064.0,1.93,-1.62,-0.64,0.71
爱克斯龙电力,EXC,2023-05-26,38.75,38.67,38.75,38.08,5802094,227631375.0,1.73,-0.31,-0.12,0.58
爱克斯龙电力,EXC,2023-05-30,38.67,38.62,39.02,38.53,8406337,331357824.0,1.27,-0.13,-0.05,0.85
爱克斯龙电力,EXC,2023-05-31,38.62,38.93,39.03,38.24,8580226,339711456.0,2.05,0.8,0.31,0.86
爱克斯龙电力,EXC,2023-06-01,39.15,38.76,39.15,38.48,7079493,279531072.0,1.72,-0.44,-0.17,0.71
爱克斯龙电力,EXC,2023-06-02,38.59,38.97,39.3,38.28,6612221,262034430.0,2.63,0.54,0.21,0.66
爱克斯龙电力,EXC,2023-06-05,39.01,39.26,39.6,38.98,4107768,164315324.0,1.59,0.74,0.29,0.41
爱克斯龙电力,EXC,2023-06-06,39.37,39.03,39.49,39.0,6981184,278288128.0,1.25,-0.59,-0.23,0.7
爱克斯龙电力,EXC,2023-06-07,39.13,39.62,39.78,38.81,7281080,292874864.0,2.49,1.51,0.59,0.73
爱克斯龙电力,EXC,2023-06-08,39.13,39.41,39.62,39.02,8726563,349374880.0,1.51,-0.53,-0.21,0.88
爱克斯龙电力,EXC,2023-06-09,39.48,39.36,39.63,39.17,5853443,234788880.0,1.17,-0.13,-0.05,0.59
爱克斯龙电力,EXC,2023-06-12,39.37,39.19,39.46,39.01,4738328,189222076.0,1.14,-0.43,-0.17,0.48
爱克斯龙电力,EXC,2023-06-13,39.19,39.08,39.36,38.91,6149921,244956534.0,1.15,-0.28,-0.11,0.62
爱克斯龙电力,EXC,2023-06-14,39.28,39.4,39.62,39.13,5335992,214295119.0,1.25,0.82,0.32,0.54
爱克斯龙电力,EXC,2023-06-15,39.67,40.1,40.19,39.53,5717330,232460758.0,1.68,1.78,0.7,0.57
爱克斯龙电力,EXC,2023-06-16,40.14,40.49,40.71,40.07,9594990,394880784.0,1.6,0.97,0.39,0.96
爱克斯龙电力,EXC,2023-06-20,40.49,40.02,40.51,39.97,5585899,228508036.0,1.33,-1.16,-0.47,0.56
爱克斯龙电力,EXC,2023-06-21,39.82,40.19,40.2,39.29,4536562,184967566.0,2.27,0.42,0.17,0.46
爱克斯龙电力,EXC,2023-06-22,40.25,39.82,40.38,39.66,3243579,131554345.0,1.79,-0.92,-0.37,0.33
爱克斯龙电力,EXC,2023-06-23,39.93,39.15,40.07,39.12,6851196,274644368.0,2.39,-1.68,-0.67,0.69
爱克斯龙电力,EXC,2023-06-26,39.37,39.85,40.03,39.19,4784142,193580880.0,2.15,1.79,0.7,0.48
爱克斯龙电力,EXC,2023-06-27,39.92,40.1,40.23,39.75,6876713,280482464.0,1.2,0.63,0.25,0.69
爱克斯龙电力,EXC,2023-06-28,39.99,39.37,40.04,39.22,4246931,170768517.0,2.04,-1.82,-0.73,0.43
爱克斯龙电力,EXC,2023-06-29,39.08,39.39,39.6,38.95,4549114,182482397.0,1.65,0.05,0.02,0.46
爱克斯龙电力,EXC,2023-06-30,39.69,40.02,40.17,39.67,5990809,243511425.0,1.27,1.6,0.63,0.6
爱克斯龙电力,EXC,2023-07-03,39.9,40.33,40.38,39.73,2197557,90209714.0,1.62,0.77,0.31,0.22
爱克斯龙电力,EXC,2023-07-05,40.22,40.76,40.98,40.15,6694297,277103776.0,2.06,1.07,0.43,0.67
爱克斯龙电力,EXC,2023-07-06,40.39,40.34,40.44,39.95,4484888,183671109.0,1.2,-1.03,-0.42,0.45
爱克斯龙电力,EXC,2023-07-07,40.44,40.24,40.51,40.07,5644197,231459970.0,1.09,-0.25,-0.1,0.57
爱克斯龙电力,EXC,2023-07-10,40.38,40.26,40.58,39.98,5716362,234325851.0,1.49,0.05,0.02,0.57
爱克斯龙电力,EXC,2023-07-11,40.39,40.99,41.02,40.29,3841782,159281331.0,1.81,1.81,0.73,0.39
爱克斯龙电力,EXC,2023-07-12,40.98,41.33,41.58,40.74,6163818,258646913.0,2.05,0.83,0.34,0.62
爱克斯龙电力,EXC,2023-07-13,41.16,41.46,41.53,41.07,4729374,198897282.0,1.11,0.31,0.13,0.48
爱克斯龙电力,EXC,2023-07-14,41.36,41.3,41.48,40.87,3915097,164254575.0,1.47,-0.39,-0.16,0.39
爱克斯龙电力,EXC,2023-07-17,41.28,41.06,41.37,40.84,5080835,212684052.0,1.28,-0.58,-0.24,0.51
爱克斯龙电力,EXC,2023-07-18,41.01,40.56,41.3,40.13,7124464,294296848.0,2.85,-1.22,-0.5,0.72
爱克斯龙电力,EXC,2023-07-19,40.64,40.79,41.31,40.59,5667832,235676315.0,1.78,0.57,0.23,0.57
爱克斯龙电力,EXC,2023-07-20,41.09,41.29,41.62,40.76,5578100,234123079.0,2.11,1.23,0.5,0.56
爱克斯龙电力,EXC,2023-07-21,41.55,41.83,42.09,41.29,16583838,705076528.0,1.94,1.31,0.54,1.67
爱克斯龙电力,EXC,2023-07-24,41.99,42.11,42.25,41.75,4607569,197172476.0,1.2,0.67,0.28,0.46
爱克斯龙电力,EXC,2023-07-25,41.96,42.3,42.48,41.95,3928648,168943558.0,1.26,0.45,0.19,0.39
爱克斯龙电力,EXC,2023-07-26,42.26,42.48,42.81,42.16,3553501,153413344.0,1.54,0.43,0.18,0.36
爱克斯龙电力,EXC,2023-07-27,42.4,41.24,42.56,41.13,5815714,245700588.0,3.37,-2.92,-1.24,0.58
爱克斯龙电力,EXC,2023-07-28,41.36,40.98,41.62,40.81,8594828,359299056.0,1.96,-0.63,-0.26,0.86
爱克斯龙电力,EXC,2023-07-31,40.78,41.14,41.36,40.62,6893234,288248240.0,1.81,0.39,0.16,0.69
爱克斯龙电力,EXC,2023-08-01,41.09,40.75,41.29,40.73,5352675,222910232.0,1.36,-0.95,-0.39,0.54
爱克斯龙电力,EXC,2023-08-02,40.45,40.78,40.93,40.31,6935798,287550256.0,1.52,0.07,0.03,0.7
爱克斯龙电力,EXC,2023-08-03,40.43,39.78,40.53,39.71,4358346,177352753.0,2.01,-2.45,-1.0,0.44
爱克斯龙电力,EXC,2023-08-04,40.01,39.2,40.25,38.83,4777698,191456367.0,3.57,-1.46,-0.58,0.48
爱克斯龙电力,EXC,2023-08-07,39.12,39.25,39.52,39.12,5013326,200550563.0,1.02,0.13,0.05,0.5
爱克斯龙电力,EXC,2023-08-08,39.05,39.36,39.4,38.77,5565471,222021393.0,1.61,0.28,0.11,0.56
爱克斯龙电力,EXC,2023-08-09,39.31,39.53,39.8,39.16,5648529,227507803.0,1.63,0.43,0.17,0.57
爱克斯龙电力,EXC,2023-08-10,39.7,39.47,39.9,39.4,4205019,169274904.0,1.26,-0.15,-0.06,0.42
爱克斯龙电力,EXC,2023-08-11,39.54,39.79,39.92,39.35,3302752,133560855.0,1.44,0.81,0.32,0.33
爱克斯龙电力,EXC,2023-08-14,39.76,39.72,39.86,39.47,3798505,152148943.0,0.98,-0.18,-0.07,0.38
爱克斯龙电力,EXC,2023-08-15,39.51,39.23,39.52,39.15,3716867,147318116.0,0.93,-1.23,-0.49,0.37
爱克斯龙电力,EXC,2023-08-16,39.4,39.45,39.53,39.25,5557225,221058309.0,0.71,0.56,0.22,0.56
爱克斯龙电力,EXC,2023-08-17,39.52,39.6,39.95,39.43,4263695,170567242.0,1.32,0.38,0.15,0.43
爱克斯龙电力,EXC,2023-08-18,39.72,39.65,39.9,39.55,5361807,214777213.0,0.88,0.13,0.05,0.54
爱克斯龙电力,EXC,2023-08-21,39.65,39.38,39.69,39.04,6239822,247567294.0,1.64,-0.68,-0.27,0.63
爱克斯龙电力,EXC,2023-08-22,39.39,39.64,39.79,39.28,3982524,159030120.0,1.3,0.66,0.26,0.4
爱克斯龙电力,EXC,2023-08-23,40.04,39.89,40.07,39.72,3236566,130202704.0,0.88,0.63,0.25,0.33
爱克斯龙电力,EXC,2023-08-24,39.95,39.72,40.54,39.67,3766369,151518996.0,2.18,-0.43,-0.17,0.38
爱克斯龙电力,EXC,2023-08-25,39.76,39.94,40.22,39.71,3412920,137634300.0,1.28,0.55,0.22,0.34
爱克斯龙电力,EXC,2023-08-28,40.13,39.89,40.27,39.82,3167033,127653522.0,1.13,-0.13,-0.05,0.32
爱克斯龙电力,EXC,2023-08-29,39.94,40.14,40.33,39.85,3606121,145837498.0,1.2,0.63,0.25,0.36
爱克斯龙电力,EXC,2023-08-30,40.06,40.06,40.31,39.91,2260048,91362464.0,1.0,-0.2,-0.08,0.23
爱克斯龙电力,EXC,2023-08-31,40.13,39.76,40.24,39.76,8455184,339706096.0,1.2,-0.75,-0.3,0.85
爱克斯龙电力,EXC,2023-09-01,39.99,39.63,40.11,39.26,3931318,157115719.0,2.14,-0.33,-0.13,0.4
爱克斯龙电力,EXC,2023-09-05,39.63,39.15,39.64,38.82,3584086,141431886.0,2.07,-1.21,-0.48,0.36
爱克斯龙电力,EXC,2023-09-06,39.2,39.5,39.54,39.11,5607437,222897480.0,1.1,0.89,0.35,0.56
爱克斯龙电力,EXC,2023-09-07,39.87,40.21,40.59,39.74,4917871,199278217.0,2.15,1.8,0.71,0.49
爱克斯龙电力,EXC,2023-09-08,40.3,40.22,40.57,40.1,4545782,184588422.0,1.17,0.02,0.01,0.46
爱克斯龙电力,EXC,2023-09-11,40.22,40.22,40.74,40.18,3597014,146405817.0,1.39,0.0,0.0,0.36
爱克斯龙电力,EXC,2023-09-12,40.14,40.2,40.29,39.87,5485857,222278760.0,1.04,-0.05,-0.02,0.55
爱克斯龙电力,EXC,2023-09-13,40.28,40.77,40.96,40.27,4013793,164845389.0,1.72,1.42,0.57,0.4
爱克斯龙电力,EXC,2023-09-14,41.0,41.48,41.57,40.93,3764788,157178619.0,1.57,1.74,0.71,0.38
爱克斯龙电力,EXC,2023-09-15,41.52,41.29,41.8,41.23,10297227,430321936.0,1.37,-0.46,-0.19,1.03
爱克斯龙电力,EXC,2023-09-18,41.42,41.13,41.46,40.86,3536349,146595789.0,1.45,-0.39,-0.16,0.36
爱克斯龙电力,EXC,2023-09-19,41.05,40.71,41.12,40.6,4230609,173999151.0,1.26,-1.02,-0.42,0.43
爱克斯龙电力,EXC,2023-09-20,40.97,40.47,41.01,40.4,4909054,201179211.0,1.5,-0.59,-0.24,0.49
爱克斯龙电力,EXC,2023-09-21,40.41,40.1,40.74,40.09,6719919,273435440.0,1.61,-0.91,-0.37,0.68
爱克斯龙电力,EXC,2023-09-22,40.1,39.85,40.2,39.5,3760082,151477798.0,1.75,-0.62,-0.25,0.38
爱克斯龙电力,EXC,2023-09-25,39.68,39.94,39.96,39.39,3849315,154505025.0,1.43,0.23,0.09,0.39
爱克斯龙电力,EXC,2023-09-26,39.73,38.79,39.74,38.73,5592867,220686397.0,2.53,-2.88,-1.15,0.56
爱克斯龙电力,EXC,2023-09-27,38.76,38.44,38.87,38.19,5320040,206764752.0,1.75,-0.9,-0.35,0.53
爱克斯龙电力,EXC,2023-09-28,38.46,37.52,38.56,37.42,6134035,233485622.0,2.97,-2.39,-0.92,0.62
爱克斯龙电力,EXC,2023-09-29,37.72,37.43,38.04,37.15,6834098,258439710.0,2.37,-0.24,-0.09,0.69
爱克斯龙电力,EXC,2023-10-02,37.23,36.25,37.29,35.92,9033642,331179360.0,3.66,-3.15,-1.18,0.91
爱克斯龙电力,EXC,2023-10-03,35.84,36.69,36.82,35.35,8591351,315098336.0,4.06,1.21,0.44,0.86
爱克斯龙电力,EXC,2023-10-04,36.68,37.05,37.14,36.33,6822852,253674197.0,2.21,0.98,0.36,0.69
爱克斯龙电力,EXC,2023-10-05,37.03,37.05,37.17,36.44,5266446,196243637.0,1.97,0.0,0.0,0.53
爱克斯龙电力,EXC,2023-10-06,36.72,37.72,37.81,35.99,6224139,234508255.0,4.91,1.81,0.67,0.63
爱克斯龙电力,EXC,2023-10-09,37.74,38.34,38.39,37.66,5558257,214338179.0,1.94,1.64,0.62,0.56
爱克斯龙电力,EXC,2023-10-10,38.25,38.92,38.97,38.25,4880816,190757189.0,1.88,1.51,0.58,0.49
爱克斯龙电力,EXC,2023-10-11,39.09,39.68,39.82,38.89,6456818,257330388.0,2.39,1.95,0.76,0.65
爱克斯龙电力,EXC,2023-10-12,39.53,39.47,39.81,38.97,4770536,189706670.0,2.12,-0.53,-0.21,0.48
爱克斯龙电力,EXC,2023-10-13,39.8,39.59,40.31,39.48,6173762,247639508.0,2.1,0.3,0.12,0.62
爱克斯龙电力,EXC,2023-10-16,39.79,39.81,39.98,39.37,6931722,278268848.0,1.54,0.56,0.22,0.7
爱克斯龙电力,EXC,2023-10-17,39.52,39.7,39.86,39.29,5631756,225282262.0,1.43,-0.28,-0.11,0.57
爱克斯龙电力,EXC,2023-10-18,39.69,39.55,39.88,39.28,4937845,197225401.0,1.51,-0.38,-0.15,0.5
爱克斯龙电力,EXC,2023-10-19,39.41,39.41,40.01,39.29,4372418,174408531.0,1.82,-0.35,-0.14,0.44
爱克斯龙电力,EXC,2023-10-20,39.31,38.94,39.68,38.92,5034726,198913603.0,1.93,-1.19,-0.47,0.51
爱克斯龙电力,EXC,2023-10-23,38.26,38.04,38.53,37.54,6526363,251083187.0,2.54,-2.31,-0.9,0.66
爱克斯龙电力,EXC,2023-10-24,38.46,38.5,38.89,38.39,5210744,203015566.0,1.31,1.21,0.46,0.52
爱克斯龙电力,EXC,2023-10-25,38.46,38.64,38.97,38.43,5973431,232794866.0,1.4,0.36,0.14,0.6
爱克斯龙电力,EXC,2023-10-26,38.8,38.79,39.44,38.74,6967801,273467840.0,1.81,0.39,0.15,0.7
爱克斯龙电力,EXC,2023-10-27,38.65,38.07,38.81,37.86,5213138,201031923.0,2.45,-1.86,-0.72,0.52
爱克斯龙电力,EXC,2023-10-30,38.19,38.09,38.57,37.86,5177968,199314883.0,1.86,0.05,0.02,0.52
爱克斯龙电力,EXC,2023-10-31,38.15,38.58,38.61,38.06,5971301,231781151.0,1.44,1.29,0.49,0.6
爱克斯龙电力,EXC,2023-11-01,38.65,39.17,39.47,38.4,7721861,305025216.0,2.77,1.53,0.59,0.78
爱克斯龙电力,EXC,2023-11-02,39.51,40.34,40.73,39.13,6468002,263458942.0,4.08,2.99,1.17,0.65
爱克斯龙电力,EXC,2023-11-03,40.95,40.2,41.12,40.18,5902909,241102822.0,2.33,-0.35,-0.14,0.59
爱克斯龙电力,EXC,2023-11-06,40.1,39.66,40.36,39.63,6858381,275903856.0,1.82,-1.34,-0.54,0.69
爱克斯龙电力,EXC,2023-11-07,39.66,39.38,39.7,39.27,5491118,218311020.0,1.08,-0.71,-0.28,0.55
爱克斯龙电力,EXC,2023-11-08,39.21,39.22,39.32,38.73,5553315,219032857.0,1.5,-0.41,-0.16,0.56
爱克斯龙电力,EXC,2023-11-09,39.31,38.89,39.62,38.87,3867492,152574176.0,1.91,-0.84,-0.33,0.39
爱克斯龙电力,EXC,2023-11-10,39.14,39.07,39.25,38.75,4495824,177077667.0,1.29,0.46,0.18,0.45
爱克斯龙电力,EXC,2023-11-13,38.92,38.44,39.11,38.4,5511336,214325334.0,1.82,-1.61,-0.63,0.55
爱克斯龙电力,EXC,2023-11-14,39.2,39.59,39.79,39.14,6434873,254548067.0,1.69,2.99,1.15,0.65
爱克斯龙电力,EXC,2023-11-15,39.43,39.67,40.19,39.37,6703839,266412619.0,2.07,0.2,0.08,0.67
爱克斯龙电力,EXC,2023-11-16,40.03,39.48,40.36,39.42,10366521,412102896.0,2.37,-0.48,-0.19,1.04
爱克斯龙电力,EXC,2023-11-17,39.7,38.95,39.72,38.89,10868976,424459248.0,2.1,-1.34,-0.53,1.09
爱克斯龙电力,EXC,2023-11-20,38.91,39.08,39.24,38.55,7680184,299461808.0,1.77,0.33,0.13,0.77
爱克斯龙电力,EXC,2023-11-21,38.94,38.88,39.07,38.35,5053417,195737649.0,1.84,-0.51,-0.2,0.51
爱克斯龙电力,EXC,2023-11-22,38.98,38.86,39.07,38.62,6251043,242512635.0,1.16,-0.05,-0.02,0.63
爱克斯龙电力,EXC,2023-11-24,38.93,39.19,39.24,38.74,2523101,98587993.0,1.29,0.85,0.33,0.25
爱克斯龙电力,EXC,2023-11-27,39.19,39.14,39.26,38.85,6884733,269350880.0,1.05,-0.13,-0.05,0.69
爱克斯龙电力,EXC,2023-11-28,39.19,39.16,39.57,38.93,5652487,221678560.0,1.64,0.05,0.02,0.57
爱克斯龙电力,EXC,2023-11-29,39.27,38.39,39.33,38.25,5268269,203369201.0,2.76,-1.97,-0.77,0.53
爱克斯龙电力,EXC,2023-11-30,38.41,38.51,38.6,38.17,11572743,444738528.0,1.12,0.31,0.12,1.16
爱克斯龙电力,EXC,2023-12-01,38.58,38.99,39.01,38.22,7383002,285981984.0,2.05,1.25,0.48,0.74
爱克斯龙电力,EXC,2023-12-04,38.77,38.73,39.01,38.55,8158328,315907056.0,1.18,-0.67,-0.26,0.82
爱克斯龙电力,EXC,2023-12-05,38.79,38.5,38.8,38.21,7114955,273460064.0,1.52,-0.59,-0.23,0.71
爱克斯龙电力,EXC,2023-12-06,38.74,39.41,39.45,38.63,7815835,306187248.0,2.13,2.36,0.91,0.79
爱克斯龙电力,EXC,2023-12-07,39.52,39.34,39.88,39.15,7687068,303383728.0,1.85,-0.18,-0.07,0.77
爱克斯龙电力,EXC,2023-12-08,39.37,39.21,39.38,38.98,7433414,291197824.0,1.02,-0.33,-0.13,0.75
爱克斯龙电力,EXC,2023-12-11,39.35,39.52,39.63,39.1,7793061,307356128.0,1.35,0.79,0.31,0.78
爱克斯龙电力,EXC,2023-12-12,39.66,39.44,39.66,39.18,5695696,224438616.0,1.21,-0.2,-0.08,0.57
爱克斯龙电力,EXC,2023-12-13,39.49,41.0,41.08,39.34,7994483,323557136.0,4.41,3.96,1.56,0.8
爱克斯龙电力,EXC,2023-12-14,41.22,37.9,41.43,37.46,26398967,1019841920.0,9.68,-7.56,-3.1,2.65
爱克斯龙电力,EXC,2023-12-15,37.44,35.49,37.5,35.32,38846626,1398119808.0,5.75,-6.36,-2.41,3.9
爱克斯龙电力,EXC,2023-12-18,35.39,34.45,35.59,34.22,23411041,808486576.0,3.86,-2.93,-1.04,2.35
爱克斯龙电力,EXC,2023-12-19,34.43,35.41,35.42,34.05,16414337,575885584.0,3.98,2.79,0.96,1.65
爱克斯龙电力,EXC,2023-12-20,35.45,34.81,35.6,34.81,10523459,370213824.0,2.23,-1.69,-0.6,1.06
爱克斯龙电力,EXC,2023-12-21,34.92,35.07,35.25,34.81,8332634,291747408.0,1.26,0.75,0.26,0.84
爱克斯龙电力,EXC,2023-12-22,35.24,35.26,35.82,35.2,5795248,205081654.0,1.77,0.54,0.19,0.58
爱克斯龙电力,EXC,2023-12-26,35.19,35.53,35.63,35.18,3900339,138343847.0,1.28,0.77,0.27,0.39
爱克斯龙电力,EXC,2023-12-27,35.56,35.41,35.66,35.1,6881963,243422335.0,1.58,-0.34,-0.12,0.69
爱克斯龙电力,EXC,2023-12-28,35.4,35.85,35.99,35.34,5832925,208911270.0,1.84,1.24,0.44,0.59
爱克斯龙电力,EXC,2023-12-29,35.7,35.9,35.95,35.57,4634225,165914695.0,1.06,0.14,0.05,0.47
