,股票名称,股票代码,日期,开盘,收盘,最高,最低,成交量,成交额,振幅,涨跌幅,涨跌额,换手率
0,霍尼韦尔(US),HON,2021-05-11,217.08,218.18,218.28,213.27,3380290,769775936.0,0.0,0.0,0.0,0.49
1,霍尼韦尔(US),HON,2021-05-12,215.66,209.06,216.28,208.91,4197103,931100960.0,3.38,-4.18,-9.12,0.6
2,霍尼韦尔(US),HON,2021-05-13,208.78,213.63,214.82,208.69,2905724,649297904.0,2.93,2.19,4.57,0.42
3,霍尼韦尔(US),HON,2021-05-14,215.69,217.31,218.18,214.8,2081307,472615536.0,1.58,1.72,3.68,0.3
4,霍尼韦尔(US),HON,2021-05-17,217.81,216.42,217.81,214.69,2058051,465647376.0,1.44,-0.41,-0.89,0.3
5,霍尼韦尔(US),HON,2021-05-18,215.32,212.27,215.94,212.18,2400421,535451744.0,1.74,-1.92,-4.15,0.35
6,霍尼韦尔(US),HON,2021-05-19,210.62,211.27,211.42,206.73,3050216,670593952.0,2.21,-0.47,-1.0,0.44
7,霍尼韦尔(US),HON,2021-05-20,210.44,212.08,212.84,210.42,2207835,489399952.0,1.15,0.38,0.81,0.32
8,霍尼韦尔(US),HON,2021-05-21,212.95,213.15,215.58,212.61,2274600,508810576.0,1.4,0.5,1.07,0.33
9,霍尼韦尔(US),HON,2021-05-24,214.45,214.95,215.47,213.12,1813542,407663008.0,1.1,0.84,1.8,0.26
10,霍尼韦尔(US),HON,2021-05-25,214.95,213.99,215.66,213.34,1804635,404455968.0,1.08,-0.45,-0.96,0.26
11,霍尼韦尔(US),HON,2021-05-26,214.91,214.22,214.94,213.26,1748116,391776496.0,0.79,0.11,0.23,0.25
12,霍尼韦尔(US),HON,2021-05-27,216.64,221.22,221.69,216.54,6647173,1533511168.0,2.4,3.27,7.0,0.96
13,霍尼韦尔(US),HON,2021-05-28,221.95,220.86,222.19,220.26,2529345,584547568.0,0.87,-0.16,-0.36,0.36
14,霍尼韦尔(US),HON,2021-06-01,222.84,222.9,223.64,221.46,2234146,519721888.0,0.99,0.92,2.04,0.32
15,霍尼韦尔(US),HON,2021-06-02,223.97,220.69,223.97,220.45,2225389,514607424.0,1.58,-0.99,-2.21,0.32
16,霍尼韦尔(US),HON,2021-06-03,220.66,219.15,221.59,218.42,2321294,533103120.0,1.44,-0.7,-1.54,0.33
17,霍尼韦尔(US),HON,2021-06-04,219.71,220.0,220.7,219.14,1299971,299040608.0,0.71,0.39,0.85,0.19
18,霍尼韦尔(US),HON,2021-06-07,219.46,218.14,220.31,217.48,2032479,464412112.0,1.29,-0.85,-1.86,0.29
19,霍尼韦尔(US),HON,2021-06-08,218.26,219.76,220.77,217.39,1720583,394992864.0,1.55,0.74,1.62,0.25
20,霍尼韦尔(US),HON,2021-06-09,219.77,217.76,220.35,217.55,1973581,450230928.0,1.27,-0.91,-2.0,0.28
21,霍尼韦尔(US),HON,2021-06-10,219.07,216.2,220.01,216.1,2223555,504712768.0,1.8,-0.72,-1.56,0.32
22,霍尼韦尔(US),HON,2021-06-11,217.7,215.13,218.28,213.91,1998905,450489856.0,2.02,-0.49,-1.07,0.29
23,霍尼韦尔(US),HON,2021-06-14,214.87,213.12,214.9,212.68,2586062,577386672.0,1.03,-0.93,-2.01,0.37
24,霍尼韦尔(US),HON,2021-06-15,212.97,212.45,213.81,211.62,2063234,459706448.0,1.03,-0.31,-0.67,0.3
25,霍尼韦尔(US),HON,2021-06-16,212.45,208.94,212.85,208.55,3052341,672318416.0,2.02,-1.65,-3.51,0.44
26,霍尼韦尔(US),HON,2021-06-17,209.15,206.24,210.15,204.68,2425675,525613344.0,2.62,-1.29,-2.7,0.35
27,霍尼韦尔(US),HON,2021-06-18,203.55,202.45,205.24,201.91,5426523,1157551904.0,1.61,-1.84,-3.79,0.78
28,霍尼韦尔(US),HON,2021-06-21,204.69,205.95,207.38,204.29,2872355,621299328.0,1.53,1.73,3.5,0.41
29,霍尼韦尔(US),HON,2021-06-22,205.63,205.44,206.75,204.83,2111039,455610192.0,0.93,-0.25,-0.51,0.3
30,霍尼韦尔(US),HON,2021-06-23,205.62,204.61,206.32,204.51,2234542,480858816.0,0.88,-0.4,-0.83,0.32
31,霍尼韦尔(US),HON,2021-06-24,205.74,207.64,207.99,204.6,3364493,727324832.0,1.66,1.48,3.03,0.48
32,霍尼韦尔(US),HON,2021-06-25,207.82,208.69,210.12,207.28,5219111,1143381744.0,1.37,0.51,1.05,0.75
33,霍尼韦尔(US),HON,2021-06-28,209.07,206.74,210.06,206.25,2360334,512366288.0,1.83,-0.93,-1.95,0.34
34,霍尼韦尔(US),HON,2021-06-29,206.98,205.9,208.31,205.37,3001976,650111936.0,1.42,-0.41,-0.84,0.43
35,霍尼韦尔(US),HON,2021-06-30,205.48,209.3,209.81,205.48,2866404,626210384.0,2.1,1.65,3.4,0.42
36,霍尼韦尔(US),HON,2021-07-01,210.53,210.57,211.21,209.61,1630291,359547232.0,0.76,0.61,1.27,0.24
37,霍尼韦尔(US),HON,2021-07-02,210.94,211.27,212.0,209.66,1543562,341406496.0,1.11,0.33,0.7,0.22
38,霍尼韦尔(US),HON,2021-07-06,210.04,208.51,210.9,205.88,1935849,422384992.0,2.38,-1.31,-2.76,0.28
39,霍尼韦尔(US),HON,2021-07-07,207.98,210.69,211.54,207.96,1563360,344402240.0,1.72,1.05,2.18,0.23
40,霍尼韦尔(US),HON,2021-07-08,208.51,209.27,210.66,207.08,2404704,527294032.0,1.7,-0.67,-1.42,0.35
41,霍尼韦尔(US),HON,2021-07-09,210.98,214.29,214.55,210.69,2161837,483894768.0,1.84,2.4,5.02,0.31
42,霍尼韦尔(US),HON,2021-07-12,212.83,214.97,215.65,212.08,2066264,464406096.0,1.67,0.32,0.68,0.3
43,霍尼韦尔(US),HON,2021-07-13,215.8,214.03,215.8,213.66,1417408,317994768.0,1.0,-0.44,-0.94,0.21
44,霍尼韦尔(US),HON,2021-07-14,214.12,217.72,218.71,214.12,2631846,599142064.0,2.14,1.72,3.69,0.38
45,霍尼韦尔(US),HON,2021-07-15,219.95,222.76,223.38,218.99,5546799,1288128944.0,2.02,2.31,5.04,0.8
46,霍尼韦尔(US),HON,2021-07-16,222.14,220.28,223.81,219.57,3592832,831074736.0,1.9,-1.11,-2.48,0.52
47,霍尼韦尔(US),HON,2021-07-19,215.62,210.61,216.56,209.96,6107148,1353908400.0,3.0,-4.39,-9.67,0.88
48,霍尼韦尔(US),HON,2021-07-20,211.59,219.61,221.22,211.45,28237085,6475246592.0,4.64,4.27,9.0,4.09
49,霍尼韦尔(US),HON,2021-07-21,219.15,221.8,222.02,218.68,4554650,1053867808.0,1.52,1.0,2.19,0.66
50,霍尼韦尔(US),HON,2021-07-22,222.66,222.69,224.2,220.08,3680233,856900496.0,1.86,0.4,0.89,0.53
51,霍尼韦尔(US),HON,2021-07-23,218.95,219.27,221.07,216.13,3908545,892292224.0,2.22,-1.54,-3.42,0.57
52,霍尼韦尔(US),HON,2021-07-26,218.43,219.2,219.71,215.17,2776861,633985904.0,2.07,-0.03,-0.07,0.4
53,霍尼韦尔(US),HON,2021-07-27,218.63,220.31,222.22,218.04,2167071,499203568.0,1.91,0.51,1.11,0.31
54,霍尼韦尔(US),HON,2021-07-28,220.02,220.44,222.23,219.32,1713878,395166112.0,1.32,0.06,0.13,0.25
55,霍尼韦尔(US),HON,2021-07-29,222.84,222.83,223.2,221.29,1501860,349575264.0,0.87,1.08,2.39,0.22
56,霍尼韦尔(US),HON,2021-07-30,222.74,223.74,223.89,222.03,2237334,522409072.0,0.83,0.41,0.91,0.32
57,霍尼韦尔(US),HON,2021-08-02,225.09,222.37,226.81,222.17,2025488,473741600.0,2.07,-0.61,-1.37,0.29
58,霍尼韦尔(US),HON,2021-08-03,223.12,222.6,223.8,220.53,1782979,414007536.0,1.47,0.1,0.23,0.26
59,霍尼韦尔(US),HON,2021-08-04,221.75,219.54,222.93,218.86,2324080,534248832.0,1.83,-1.37,-3.06,0.34
60,霍尼韦尔(US),HON,2021-08-05,219.48,219.83,221.5,218.9,1467161,337228688.0,1.18,0.13,0.29,0.21
61,霍尼韦尔(US),HON,2021-08-06,219.95,219.63,220.84,218.96,1327491,304919296.0,0.86,-0.09,-0.2,0.19
62,霍尼韦尔(US),HON,2021-08-09,218.72,218.18,219.27,217.5,1369877,312604576.0,0.81,-0.66,-1.45,0.2
63,霍尼韦尔(US),HON,2021-08-10,218.36,221.83,222.02,218.07,2389094,552076928.0,1.81,1.67,3.65,0.35
64,霍尼韦尔(US),HON,2021-08-11,222.55,224.13,224.63,221.82,2098537,490862976.0,1.27,1.04,2.3,0.3
65,霍尼韦尔(US),HON,2021-08-12,224.4,222.82,224.63,221.58,1917371,444550320.0,1.36,-0.58,-1.31,0.28
66,霍尼韦尔(US),HON,2021-08-13,222.73,222.64,223.54,222.03,1404791,325744608.0,0.68,-0.08,-0.18,0.2
67,霍尼韦尔(US),HON,2021-08-16,222.74,224.62,224.68,221.05,1794620,418337696.0,1.63,0.89,1.98,0.26
68,霍尼韦尔(US),HON,2021-08-17,224.07,222.33,224.58,219.22,2679136,618042544.0,2.39,-1.02,-2.29,0.39
69,霍尼韦尔(US),HON,2021-08-18,220.84,219.3,222.37,219.12,2555304,586359504.0,1.46,-1.36,-3.03,0.37
70,霍尼韦尔(US),HON,2021-08-19,218.46,218.61,220.12,216.92,1945127,442463472.0,1.46,-0.31,-0.69,0.28
71,霍尼韦尔(US),HON,2021-08-20,219.01,218.58,219.61,217.39,2081067,473810656.0,1.02,-0.01,-0.03,0.3
72,霍尼韦尔(US),HON,2021-08-23,218.13,219.99,222.49,218.13,2143468,492239088.0,1.99,0.65,1.41,0.31
73,霍尼韦尔(US),HON,2021-08-24,219.73,221.32,221.8,219.19,1265726,291504832.0,1.19,0.6,1.33,0.18
74,霍尼韦尔(US),HON,2021-08-25,221.74,221.54,223.22,219.68,1804246,416658416.0,1.6,0.1,0.22,0.26
75,霍尼韦尔(US),HON,2021-08-26,220.96,221.76,222.06,220.31,1303319,300508912.0,0.79,0.1,0.22,0.19
76,霍尼韦尔(US),HON,2021-08-27,222.46,222.02,224.44,221.54,1663624,385168576.0,1.31,0.12,0.26,0.24
77,霍尼韦尔(US),HON,2021-08-30,222.1,222.75,223.66,221.44,1318283,305785536.0,1.0,0.33,0.73,0.19
78,霍尼韦尔(US),HON,2021-08-31,222.31,222.79,223.53,221.45,1956313,453514976.0,0.93,0.02,0.04,0.28
79,霍尼韦尔(US),HON,2021-09-01,223.83,220.68,224.07,220.18,2484573,573181248.0,1.75,-0.95,-2.11,0.36
80,霍尼韦尔(US),HON,2021-09-02,221.8,221.85,222.32,220.65,1594550,367695792.0,0.76,0.53,1.17,0.23
81,霍尼韦尔(US),HON,2021-09-03,221.88,219.24,221.88,218.65,1622429,371304496.0,1.46,-1.18,-2.61,0.23
82,霍尼韦尔(US),HON,2021-09-07,218.58,213.81,218.58,213.65,3222871,720868624.0,2.25,-2.48,-5.43,0.47
83,霍尼韦尔(US),HON,2021-09-08,213.63,215.28,215.78,212.7,2428562,543510544.0,1.44,0.69,1.47,0.35
84,霍尼韦尔(US),HON,2021-09-09,214.79,213.81,215.86,213.21,1937886,432825056.0,1.23,-0.68,-1.47,0.28
85,霍尼韦尔(US),HON,2021-09-10,213.85,213.25,216.07,213.09,2357909,526831216.0,1.39,-0.26,-0.56,0.34
86,霍尼韦尔(US),HON,2021-09-13,215.2,214.48,216.59,213.09,2771647,620062208.0,1.64,0.58,1.23,0.4
87,霍尼韦尔(US),HON,2021-09-14,214.93,211.07,215.0,210.59,2699929,595818704.0,2.06,-1.59,-3.41,0.39
88,霍尼韦尔(US),HON,2021-09-15,211.51,212.57,213.79,211.02,2021753,448221376.0,1.31,0.71,1.5,0.29
89,霍尼韦尔(US),HON,2021-09-16,212.15,210.53,212.29,209.4,2393535,525853184.0,1.36,-0.96,-2.04,0.35
90,霍尼韦尔(US),HON,2021-09-17,210.74,209.37,210.74,208.38,4391758,961166656.0,1.12,-0.55,-1.16,0.64
91,霍尼韦尔(US),HON,2021-09-20,206.97,206.61,208.72,205.07,4008647,864133168.0,1.74,-1.32,-2.76,0.58
92,霍尼韦尔(US),HON,2021-09-21,207.67,205.78,207.82,205.23,2568859,552961840.0,1.25,-0.4,-0.83,0.37
93,霍尼韦尔(US),HON,2021-09-22,207.32,207.9,209.31,207.2,2281095,495298288.0,1.03,1.03,2.12,0.33
94,霍尼韦尔(US),HON,2021-09-23,208.18,210.58,212.25,208.18,2180071,479262032.0,1.96,1.29,2.68,0.32
95,霍尼韦尔(US),HON,2021-09-24,210.62,210.07,211.69,209.35,1949073,427964240.0,1.11,-0.24,-0.51,0.28
96,霍尼韦尔(US),HON,2021-09-27,209.82,208.78,210.71,208.61,2199324,480562816.0,1.0,-0.61,-1.29,0.32
97,霍尼韦尔(US),HON,2021-09-28,207.5,205.85,209.23,205.35,2654294,571843408.0,1.86,-1.4,-2.93,0.38
98,霍尼韦尔(US),HON,2021-09-29,206.71,205.8,207.29,205.43,2109054,454347456.0,0.9,-0.02,-0.05,0.31
99,霍尼韦尔(US),HON,2021-09-30,207.05,203.16,207.13,202.98,2934371,625591248.0,2.02,-1.28,-2.64,0.43
100,霍尼韦尔(US),HON,2021-10-01,203.86,206.53,207.3,202.52,2276496,488785488.0,2.35,1.66,3.37,0.33
101,霍尼韦尔(US),HON,2021-10-04,206.13,205.09,207.5,204.07,2632280,564024592.0,1.66,-0.7,-1.44,0.38
102,霍尼韦尔(US),HON,2021-10-05,204.49,206.6,207.93,204.49,1560184,336638240.0,1.68,0.74,1.51,0.23
103,霍尼韦尔(US),HON,2021-10-06,204.65,207.74,207.87,204.0,1736021,373838112.0,1.87,0.55,1.14,0.25
104,霍尼韦尔(US),HON,2021-10-07,208.88,209.25,210.74,208.59,1852850,405479024.0,1.03,0.73,1.51,0.27
105,霍尼韦尔(US),HON,2021-10-08,209.56,208.58,210.43,207.62,1344880,293041616.0,1.34,-0.32,-0.67,0.2
106,霍尼韦尔(US),HON,2021-10-11,208.26,206.17,209.1,206.14,1355214,293065680.0,1.42,-1.16,-2.41,0.2
107,霍尼韦尔(US),HON,2021-10-12,206.58,205.21,207.12,204.81,1383809,297123296.0,1.12,-0.47,-0.96,0.2
108,霍尼韦尔(US),HON,2021-10-13,206.17,206.46,207.56,203.82,1600202,344672944.0,1.82,0.61,1.25,0.23
109,霍尼韦尔(US),HON,2021-10-14,208.04,209.47,209.66,207.41,1425556,311123904.0,1.09,1.46,3.01,0.21
110,霍尼韦尔(US),HON,2021-10-15,211.18,211.6,212.33,210.14,2180601,481060608.0,1.05,1.02,2.13,0.32
111,霍尼韦尔(US),HON,2021-10-18,209.46,211.51,212.35,208.72,1883500,415416368.0,1.72,-0.04,-0.09,0.27
112,霍尼韦尔(US),HON,2021-10-19,212.24,212.66,212.72,210.34,1599630,353851488.0,1.13,0.54,1.15,0.23
113,霍尼韦尔(US),HON,2021-10-20,213.11,214.52,214.57,211.71,1657049,369331168.0,1.34,0.87,1.86,0.24
114,霍尼韦尔(US),HON,2021-10-21,214.5,215.4,215.74,212.12,2649235,592167568.0,1.69,0.41,0.88,0.38
115,霍尼韦尔(US),HON,2021-10-22,213.85,208.28,214.78,208.12,3498592,766558576.0,3.09,-3.31,-7.12,0.51
116,霍尼韦尔(US),HON,2021-10-25,207.69,208.42,209.88,206.53,2710431,589566736.0,1.61,0.07,0.14,0.39
117,霍尼韦尔(US),HON,2021-10-26,209.08,209.2,211.35,207.65,2443872,535589248.0,1.78,0.37,0.78,0.35
118,霍尼韦尔(US),HON,2021-10-27,208.98,206.6,209.04,206.1,1647056,356380928.0,1.41,-1.24,-2.6,0.24
119,霍尼韦尔(US),HON,2021-10-28,205.26,209.36,209.66,205.26,1947870,423342752.0,2.13,1.34,2.76,0.28
120,霍尼韦尔(US),HON,2021-10-29,208.88,209.5,211.18,207.94,2615366,570760160.0,1.55,0.07,0.14,0.38
121,霍尼韦尔(US),HON,2021-11-01,209.58,210.64,210.93,208.95,1697845,372240960.0,0.95,0.54,1.14,0.25
122,霍尼韦尔(US),HON,2021-11-02,211.42,212.07,212.85,210.13,2297369,507475440.0,1.29,0.68,1.43,0.33
123,霍尼韦尔(US),HON,2021-11-03,211.79,213.68,213.93,210.46,2057280,455736512.0,1.64,0.76,1.61,0.3
124,霍尼韦尔(US),HON,2021-11-04,213.55,213.37,215.72,212.96,2320165,517634320.0,1.29,-0.15,-0.31,0.34
125,霍尼韦尔(US),HON,2021-11-05,215.12,216.94,218.49,214.7,2329234,525383200.0,1.78,1.67,3.57,0.34
126,霍尼韦尔(US),HON,2021-11-08,218.69,216.61,219.12,215.26,1715363,386925216.0,1.78,-0.15,-0.33,0.25
127,霍尼韦尔(US),HON,2021-11-09,216.58,218.63,219.14,216.23,2368989,539091312.0,1.34,0.93,2.02,0.34
128,霍尼韦尔(US),HON,2021-11-10,219.13,217.27,219.77,217.04,1324945,299390080.0,1.25,-0.62,-1.36,0.19
129,霍尼韦尔(US),HON,2021-11-11,217.36,212.87,217.36,212.46,1595894,354010704.0,2.26,-2.03,-4.4,0.23
130,霍尼韦尔(US),HON,2021-11-12,213.8,214.25,214.4,211.36,2184650,484374496.0,1.43,0.65,1.38,0.32
131,霍尼韦尔(US),HON,2021-11-15,214.49,214.33,215.9,213.5,1207918,268810096.0,1.12,0.04,0.08,0.18
132,霍尼韦尔(US),HON,2021-11-16,214.48,213.23,215.14,212.92,1648547,365782688.0,1.04,-0.51,-1.1,0.24
133,霍尼韦尔(US),HON,2021-11-17,212.85,212.35,213.15,211.46,1896561,418163344.0,0.79,-0.41,-0.88,0.28
134,霍尼韦尔(US),HON,2021-11-18,211.36,212.56,212.81,210.88,1688332,372109296.0,0.91,0.1,0.21,0.25
135,霍尼韦尔(US),HON,2021-11-19,212.87,210.35,213.06,209.03,2096134,458766160.0,1.9,-1.04,-2.21,0.3
136,霍尼韦尔(US),HON,2021-11-22,210.19,210.0,212.91,209.89,2453069,537404224.0,1.44,-0.17,-0.35,0.36
137,霍尼韦尔(US),HON,2021-11-23,209.22,207.86,210.32,207.01,4021450,870850816.0,1.58,-1.02,-2.14,0.58
138,霍尼韦尔(US),HON,2021-11-24,207.0,204.07,207.77,203.7,3266034,694920272.0,1.96,-1.82,-3.79,0.47
139,霍尼韦尔(US),HON,2021-11-26,196.81,200.07,200.86,194.43,3857777,794846992.0,3.15,-1.96,-4.0,0.56
140,霍尼韦尔(US),HON,2021-11-29,202.07,199.52,202.07,198.86,2598424,540660192.0,1.6,-0.27,-0.55,0.38
141,霍尼韦尔(US),HON,2021-11-30,198.09,194.1,198.33,192.97,5680329,1153488144.0,2.69,-2.72,-5.42,0.83
142,霍尼韦尔(US),HON,2021-12-01,197.51,191.28,197.74,191.04,3123566,633124880.0,3.45,-1.45,-2.82,0.45
143,霍尼韦尔(US),HON,2021-12-02,192.82,195.86,197.31,191.36,6004852,1221691248.0,3.11,2.39,4.58,0.87
144,霍尼韦尔(US),HON,2021-12-03,195.87,195.36,196.34,192.86,3545862,720692704.0,1.78,-0.26,-0.5,0.52
145,霍尼韦尔(US),HON,2021-12-06,197.09,198.11,199.95,196.73,4376615,904564096.0,1.65,1.41,2.75,0.64
146,霍尼韦尔(US),HON,2021-12-07,199.19,199.01,201.46,197.62,4786706,992759536.0,1.94,0.45,0.9,0.7
147,霍尼韦尔(US),HON,2021-12-08,196.7,196.51,197.19,194.38,4997401,1021185264.0,1.41,-1.26,-2.5,0.73
148,霍尼韦尔(US),HON,2021-12-09,196.44,197.86,199.02,194.81,4992004,1026021600.0,2.14,0.69,1.35,0.73
149,霍尼韦尔(US),HON,2021-12-10,198.7,201.67,201.9,197.68,3410195,713260336.0,2.13,1.93,3.81,0.5
150,霍尼韦尔(US),HON,2021-12-13,201.66,201.09,202.61,200.46,2892303,606138704.0,1.07,-0.29,-0.58,0.42
151,霍尼韦尔(US),HON,2021-12-14,200.69,198.54,203.4,197.77,3790608,786263824.0,2.8,-1.27,-2.55,0.55
152,霍尼韦尔(US),HON,2021-12-15,199.41,201.62,202.26,197.1,2951968,615939184.0,2.6,1.55,3.08,0.43
153,霍尼韦尔(US),HON,2021-12-16,203.11,201.47,203.14,201.16,2993212,628574512.0,0.98,-0.07,-0.15,0.43
154,霍尼韦尔(US),HON,2021-12-17,201.32,197.03,201.97,196.57,5586775,1154232608.0,2.68,-2.2,-4.44,0.81
155,霍尼韦尔(US),HON,2021-12-20,193.98,191.71,194.51,189.96,3387351,676379552.0,2.31,-2.7,-5.32,0.49
156,霍尼韦尔(US),HON,2021-12-21,193.01,193.53,194.64,192.17,2628177,529977808.0,1.29,0.95,1.82,0.38
157,霍尼韦尔(US),HON,2021-12-22,193.08,193.7,193.86,191.94,3111103,626304048.0,0.99,0.09,0.17,0.45
158,霍尼韦尔(US),HON,2021-12-23,195.06,197.08,198.17,194.86,2376110,487948960.0,1.71,1.74,3.38,0.35
159,霍尼韦尔(US),HON,2021-12-27,197.55,198.29,198.5,196.77,2486485,512625056.0,0.88,0.61,1.21,0.36
160,霍尼韦尔(US),HON,2021-12-28,198.33,198.91,199.97,198.08,1971693,408408400.0,0.95,0.31,0.62,0.29
161,霍尼韦尔(US),HON,2021-12-29,199.77,199.39,199.9,198.32,1714622,355629568.0,0.79,0.24,0.48,0.25
162,霍尼韦尔(US),HON,2021-12-30,199.96,198.97,200.76,198.77,1273142,264214915.0,1.0,-0.21,-0.42,0.18
163,霍尼韦尔(US),HON,2021-12-31,198.72,200.37,201.05,198.24,1536608,319948944.0,1.41,0.7,1.4,0.22
164,霍尼韦尔(US),HON,2022-01-03,199.72,198.66,201.21,197.42,2580319,534070880.0,1.89,-0.85,-1.71,0.37
165,霍尼韦尔(US),HON,2022-01-04,198.57,200.86,201.41,197.51,3256352,678524512.0,1.96,1.11,2.2,0.47
166,霍尼韦尔(US),HON,2022-01-05,201.4,202.92,207.44,200.98,4088544,869304080.0,3.22,1.03,2.06,0.59
167,霍尼韦尔(US),HON,2022-01-06,203.66,202.68,206.21,202.48,3270381,692760512.0,1.84,-0.12,-0.24,0.48
168,霍尼韦尔(US),HON,2022-01-07,204.01,207.61,209.17,203.43,3056849,658854816.0,2.83,2.43,4.93,0.44
169,霍尼韦尔(US),HON,2022-01-10,207.53,205.32,208.32,203.72,3453916,737149168.0,2.22,-1.1,-2.29,0.5
170,霍尼韦尔(US),HON,2022-01-11,206.28,208.17,208.85,203.38,3529470,758991088.0,2.66,1.39,2.85,0.51
171,霍尼韦尔(US),HON,2022-01-12,209.35,210.11,211.05,209.21,3104952,677123504.0,0.88,0.93,1.94,0.45
172,霍尼韦尔(US),HON,2022-01-13,210.26,211.29,213.75,209.93,3082748,677638288.0,1.82,0.56,1.18,0.45
173,霍尼韦尔(US),HON,2022-01-14,209.47,209.51,209.83,207.22,3343058,725754560.0,1.24,-0.84,-1.78,0.49
174,霍尼韦尔(US),HON,2022-01-18,206.74,205.45,207.8,203.92,3055230,652050464.0,1.85,-1.94,-4.06,0.44
175,霍尼韦尔(US),HON,2022-01-19,206.27,202.59,206.63,202.46,2614766,555330272.0,2.03,-1.39,-2.86,0.38
176,霍尼韦尔(US),HON,2022-01-20,203.54,200.78,206.31,200.59,2568693,542054800.0,2.82,-0.89,-1.81,0.37
177,霍尼韦尔(US),HON,2022-01-21,201.12,196.96,201.46,196.82,4440824,917689072.0,2.31,-1.9,-3.82,0.65
178,霍尼韦尔(US),HON,2022-01-24,196.06,196.31,196.64,190.84,5464828,1105385024.0,2.94,-0.33,-0.65,0.79
179,霍尼韦尔(US),HON,2022-01-25,192.57,194.16,195.65,189.77,5237794,1053487776.0,3.0,-1.1,-2.15,0.76
180,霍尼韦尔(US),HON,2022-01-26,195.01,192.51,197.75,190.58,3387572,684183264.0,3.69,-0.85,-1.65,0.49
181,霍尼韦尔(US),HON,2022-01-27,194.93,192.51,196.69,191.12,2755006,555251664.0,2.89,0.0,0.0,0.4
182,霍尼韦尔(US),HON,2022-01-28,192.24,193.85,193.91,187.91,3392298,678751664.0,3.12,0.7,1.34,0.49
183,霍尼韦尔(US),HON,2022-01-31,192.42,196.34,196.84,191.17,3297761,669877568.0,2.92,1.28,2.49,0.48
184,霍尼韦尔(US),HON,2022-02-01,195.79,197.2,197.68,193.37,3053276,623298384.0,2.2,0.44,0.86,0.45
185,霍尼韦尔(US),HON,2022-02-02,197.28,199.41,199.7,196.5,2835943,586702944.0,1.62,1.12,2.21,0.41
186,霍尼韦尔(US),HON,2022-02-03,192.02,183.6,192.86,183.44,8679876,1686627424.0,4.72,-7.93,-15.81,1.27
187,霍尼韦尔(US),HON,2022-02-04,183.73,183.36,184.65,179.89,5479941,1047224208.0,2.59,-0.13,-0.24,0.8
188,霍尼韦尔(US),HON,2022-02-07,184.01,184.34,186.45,182.67,3457837,666051120.0,2.06,0.53,0.98,0.5
189,霍尼韦尔(US),HON,2022-02-08,184.34,186.42,186.92,182.91,2735815,529795376.0,2.18,1.13,2.08,0.4
190,霍尼韦尔(US),HON,2022-02-09,187.98,188.48,188.88,186.55,3210659,629008688.0,1.25,1.11,2.06,0.47
191,霍尼韦尔(US),HON,2022-02-10,185.97,183.61,188.83,182.88,3659592,706565680.0,3.16,-2.58,-4.87,0.53
192,霍尼韦尔(US),HON,2022-02-11,183.67,178.85,184.75,178.41,5323489,1004499760.0,3.45,-2.59,-4.76,0.78
193,霍尼韦尔(US),HON,2022-02-14,179.24,178.55,180.28,176.4,3156940,588135744.0,2.17,-0.17,-0.3,0.46
194,霍尼韦尔(US),HON,2022-02-15,180.04,181.39,181.79,178.39,2873460,543010432.0,1.9,1.59,2.84,0.42
195,霍尼韦尔(US),HON,2022-02-16,181.4,180.92,181.66,178.66,3085564,581774336.0,1.65,-0.26,-0.47,0.45
196,霍尼韦尔(US),HON,2022-02-17,179.34,176.45,179.74,176.16,3075953,571020592.0,1.98,-2.47,-4.47,0.45
197,霍尼韦尔(US),HON,2022-02-18,175.79,173.99,176.92,173.25,5038397,920323040.0,2.08,-1.39,-2.46,0.73
198,霍尼韦尔(US),HON,2022-02-22,174.98,174.42,177.14,172.8,4008122,733202288.0,2.49,0.25,0.43,0.58
199,霍尼韦尔(US),HON,2022-02-23,175.43,170.82,175.74,170.66,3582435,647136384.0,2.91,-2.06,-3.6,0.52
200,霍尼韦尔(US),HON,2022-02-24,167.79,175.18,175.53,167.26,5899657,1053539984.0,4.84,2.55,4.36,0.86
201,霍尼韦尔(US),HON,2022-02-25,174.94,181.4,182.36,174.91,5001199,938307968.0,4.25,3.55,6.22,0.73
202,霍尼韦尔(US),HON,2022-02-28,178.89,182.59,182.78,178.89,4111058,775548832.0,2.14,0.66,1.19,0.6
203,霍尼韦尔(US),HON,2022-03-01,179.49,176.44,182.69,175.77,5463161,1009511344.0,3.79,-3.37,-6.15,0.8
204,霍尼韦尔(US),HON,2022-03-02,178.18,179.28,181.09,177.0,5340717,996215376.0,2.32,1.61,2.84,0.78
205,霍尼韦尔(US),HON,2022-03-03,182.31,180.36,184.69,179.96,5022911,948216560.0,2.64,0.6,1.08,0.73
206,霍尼韦尔(US),HON,2022-03-04,178.49,180.27,180.51,177.36,5085722,948625776.0,1.75,-0.05,-0.09,0.74
207,霍尼韦尔(US),HON,2022-03-07,179.88,175.0,180.14,174.86,3533784,649052144.0,2.93,-2.92,-5.27,0.52
208,霍尼韦尔(US),HON,2022-03-08,175.03,176.08,179.86,174.96,4575023,843020240.0,2.8,0.62,1.08,0.67
209,霍尼韦尔(US),HON,2022-03-09,179.2,178.24,180.07,177.73,2899407,538328432.0,1.33,1.23,2.16,0.42
210,霍尼韦尔(US),HON,2022-03-10,175.38,177.2,177.95,175.06,2455436,452043120.0,1.62,-0.58,-1.04,0.36
211,霍尼韦尔(US),HON,2022-03-11,179.22,175.08,179.77,174.87,2725571,500646032.0,2.77,-1.2,-2.12,0.4
212,霍尼韦尔(US),HON,2022-03-14,176.31,176.04,178.05,175.56,3002074,551454512.0,1.42,0.55,0.96,0.44
213,霍尼韦尔(US),HON,2022-03-15,177.97,180.63,181.01,177.63,3922915,733242288.0,1.92,2.61,4.59,0.57
214,霍尼韦尔(US),HON,2022-03-16,182.44,183.87,184.09,179.36,4132940,784924144.0,2.62,1.79,3.24,0.6
215,霍尼韦尔(US),HON,2022-03-17,182.49,184.77,185.45,182.04,3153510,603142768.0,1.85,0.49,0.9,0.46
216,霍尼韦尔(US),HON,2022-03-18,184.61,187.56,187.76,182.64,8748601,1695735040.0,2.77,1.51,2.79,1.28
217,霍尼韦尔(US),HON,2022-03-21,186.41,185.86,187.25,184.36,3500793,675272400.0,1.54,-0.91,-1.7,0.51
218,霍尼韦尔(US),HON,2022-03-22,185.98,187.87,188.76,185.98,2369457,461879168.0,1.5,1.08,2.01,0.35
219,霍尼韦尔(US),HON,2022-03-23,187.28,185.18,187.8,184.85,1816058,350464000.0,1.57,-1.43,-2.69,0.26
220,霍尼韦尔(US),HON,2022-03-24,186.02,187.53,187.56,184.89,2197837,426444480.0,1.44,1.27,2.35,0.32
221,霍尼韦尔(US),HON,2022-03-25,188.19,190.63,191.2,188.16,2543341,501734176.0,1.62,1.65,3.1,0.37
222,霍尼韦尔(US),HON,2022-03-28,189.93,189.95,190.18,187.09,3270571,641381600.0,1.62,-0.36,-0.68,0.48
223,霍尼韦尔(US),HON,2022-03-29,191.92,190.38,192.23,187.67,3350349,660520768.0,2.4,0.23,0.43,0.49
224,霍尼韦尔(US),HON,2022-03-30,189.96,189.38,191.02,188.53,2427649,477826048.0,1.31,-0.53,-1.0,0.35
225,霍尼韦尔(US),HON,2022-03-31,189.51,187.42,191.05,187.39,3276021,641044400.0,1.93,-1.03,-1.96,0.48
226,霍尼韦尔(US),HON,2022-04-01,188.74,188.87,188.95,186.34,2286690,446564800.0,1.39,0.77,1.45,0.34
227,霍尼韦尔(US),HON,2022-04-04,188.17,188.91,189.47,186.28,2051246,401537424.0,1.69,0.02,0.04,0.3
228,霍尼韦尔(US),HON,2022-04-05,187.48,186.47,189.31,185.93,2293764,445470896.0,1.79,-1.29,-2.44,0.34
229,霍尼韦尔(US),HON,2022-04-06,184.76,186.46,187.91,183.97,2942568,569059600.0,2.11,-0.01,-0.01,0.43
230,霍尼韦尔(US),HON,2022-04-07,185.34,185.54,186.44,181.28,2201507,421260832.0,2.77,-0.49,-0.92,0.32
231,霍尼韦尔(US),HON,2022-04-08,185.84,183.0,186.23,182.65,2877835,549184256.0,1.93,-1.37,-2.54,0.42
232,霍尼韦尔(US),HON,2022-04-11,183.11,182.11,184.09,181.57,2700765,512308864.0,1.38,-0.49,-0.89,0.4
233,霍尼韦尔(US),HON,2022-04-12,183.74,183.83,185.73,182.84,3098751,592585216.0,1.59,0.94,1.72,0.46
234,霍尼韦尔(US),HON,2022-04-13,184.67,187.69,187.85,184.16,2391299,465944608.0,2.01,2.1,3.86,0.35
235,霍尼韦尔(US),HON,2022-04-14,188.01,188.03,189.54,187.75,4275787,835753744.0,0.95,0.18,0.34,0.63
236,霍尼韦尔(US),HON,2022-04-18,187.13,184.91,188.72,183.98,1957966,377669264.0,2.52,-1.66,-3.12,0.29
237,霍尼韦尔(US),HON,2022-04-19,185.91,190.04,190.2,185.41,3340660,656218928.0,2.59,2.77,5.13,0.49
238,霍尼韦尔(US),HON,2022-04-20,191.02,189.18,192.34,188.85,2622963,516515456.0,1.84,-0.45,-0.86,0.39
239,霍尼韦尔(US),HON,2022-04-21,190.8,188.78,193.43,188.3,2418313,476837504.0,2.71,-0.21,-0.4,0.36
240,霍尼韦尔(US),HON,2022-04-22,187.44,183.47,187.46,183.19,3040800,582645456.0,2.26,-2.81,-5.31,0.45
241,霍尼韦尔(US),HON,2022-04-25,183.17,184.66,184.74,180.17,2397533,455811520.0,2.49,0.65,1.19,0.35
242,霍尼韦尔(US),HON,2022-04-26,182.35,180.51,183.7,180.41,2848994,536402768.0,1.78,-2.25,-4.15,0.42
243,霍尼韦尔(US),HON,2022-04-27,179.28,179.19,181.62,178.6,3053472,570989616.0,1.67,-0.73,-1.32,0.45
244,霍尼韦尔(US),HON,2022-04-28,180.62,182.76,183.51,178.09,3429085,647060928.0,3.02,1.99,3.57,0.5
245,霍尼韦尔(US),HON,2022-04-29,193.03,186.35,194.83,185.71,7248712,1420286816.0,4.99,1.96,3.59,1.06
246,霍尼韦尔(US),HON,2022-05-02,187.33,189.71,193.76,184.77,7099626,1398999296.0,4.82,1.8,3.36,1.04
247,霍尼韦尔(US),HON,2022-05-03,189.16,189.88,191.19,188.09,5359761,1055929968.0,1.63,0.09,0.17,0.79
248,霍尼韦尔(US),HON,2022-05-04,190.33,198.69,199.24,190.19,5483655,1112286160.0,4.77,4.64,8.81,0.81
249,霍尼韦尔(US),HON,2022-05-05,196.54,190.71,197.51,189.31,5759026,1146018704.0,4.13,-4.02,-7.98,0.85
250,霍尼韦尔(US),HON,2022-05-06,190.12,188.27,190.26,186.0,3624831,706326944.0,2.23,-1.28,-2.44,0.53
251,霍尼韦尔(US),HON,2022-05-09,187.95,186.8,188.64,185.2,3781393,733891520.0,1.83,-0.78,-1.47,0.56
252,霍尼韦尔(US),HON,2022-05-10,189.12,187.61,190.08,185.06,4767477,928225792.0,2.69,0.43,0.81,0.7
253,霍尼韦尔(US),HON,2022-05-11,187.67,184.86,189.7,184.26,3283946,634834800.0,2.9,-1.47,-2.75,0.48
254,霍尼韦尔(US),HON,2022-05-12,184.8,186.74,188.57,182.51,3990482,766638336.0,3.28,1.02,1.88,0.59
255,霍尼韦尔(US),HON,2022-05-13,187.23,187.35,188.77,184.75,3237414,625396272.0,2.15,0.33,0.61,0.48
256,霍尼韦尔(US),HON,2022-05-16,187.42,187.78,189.11,186.15,2624245,508646384.0,1.58,0.23,0.43,0.39
257,霍尼韦尔(US),HON,2022-05-17,189.79,192.88,193.87,189.62,2723983,541069040.0,2.26,2.72,5.1,0.4
258,霍尼韦尔(US),HON,2022-05-18,191.58,187.69,192.51,187.07,3185867,621333136.0,2.82,-2.69,-5.19,0.47
259,霍尼韦尔(US),HON,2022-05-19,185.85,186.47,189.03,181.94,3126270,600409456.0,3.78,-0.65,-1.22,0.46
260,霍尼韦尔(US),HON,2022-05-20,187.35,183.57,188.03,179.6,3884143,734962368.0,4.52,-1.56,-2.9,0.57
261,霍尼韦尔(US),HON,2022-05-23,185.73,183.4,186.0,182.32,3726022,708561040.0,2.0,-0.09,-0.17,0.55
262,霍尼韦尔(US),HON,2022-05-24,183.13,183.78,184.58,178.71,2842360,535135936.0,3.2,0.21,0.38,0.42
263,霍尼韦尔(US),HON,2022-05-25,182.94,184.26,184.99,180.52,2512134,476517776.0,2.43,0.26,0.48,0.37
264,霍尼韦尔(US),HON,2022-05-26,185.1,186.92,188.0,185.01,2238663,432801824.0,1.62,1.44,2.66,0.33
265,霍尼韦尔(US),HON,2022-05-27,188.81,190.17,190.21,187.86,2246473,440190832.0,1.26,1.74,3.25,0.33
266,霍尼韦尔(US),HON,2022-05-31,187.38,187.44,189.21,185.39,3503484,678928384.0,2.01,-1.44,-2.73,0.51
267,霍尼韦尔(US),HON,2022-06-01,188.32,185.73,188.54,184.21,2361281,453370144.0,2.31,-0.91,-1.71,0.35
268,霍尼韦尔(US),HON,2022-06-02,187.61,190.86,191.02,185.88,2510823,491967040.0,2.77,2.76,5.13,0.37
269,霍尼韦尔(US),HON,2022-06-03,189.17,188.64,189.99,187.43,2254927,439152816.0,1.34,-1.16,-2.22,0.33
270,霍尼韦尔(US),HON,2022-06-06,190.41,189.01,190.79,188.31,1586153,309935984.0,1.31,0.2,0.37,0.23
271,霍尼韦尔(US),HON,2022-06-07,187.45,191.44,191.81,185.97,2130094,418716752.0,3.09,1.29,2.43,0.31
272,霍尼韦尔(US),HON,2022-06-08,190.46,188.34,190.7,187.44,1688848,329052624.0,1.7,-1.62,-3.1,0.25
273,霍尼韦尔(US),HON,2022-06-09,187.06,185.83,189.4,185.67,1674875,323544256.0,1.98,-1.33,-2.51,0.25
274,霍尼韦尔(US),HON,2022-06-10,182.14,180.1,182.51,180.03,2878722,538577792.0,1.33,-3.08,-5.73,0.42
275,霍尼韦尔(US),HON,2022-06-13,176.18,178.24,179.94,176.15,4764371,878365776.0,2.1,-1.03,-1.86,0.7
276,霍尼韦尔(US),HON,2022-06-14,178.96,177.1,180.84,176.26,3452469,635545952.0,2.57,-0.64,-1.14,0.51
277,霍尼韦尔(US),HON,2022-06-15,178.24,178.79,181.1,176.6,2979292,551394816.0,2.54,0.95,1.69,0.44
278,霍尼韦尔(US),HON,2022-06-16,175.67,173.7,176.22,172.86,4428300,797824160.0,1.88,-2.85,-5.09,0.65
279,霍尼韦尔(US),HON,2022-06-17,173.22,173.52,176.19,172.01,5633629,1012978736.0,2.41,-0.1,-0.18,0.83
280,霍尼韦尔(US),HON,2022-06-21,175.57,174.33,175.73,173.23,2935559,530150848.0,1.44,0.47,0.81,0.43
281,霍尼韦尔(US),HON,2022-06-22,172.28,171.55,173.59,169.99,2907187,517559744.0,2.07,-1.59,-2.78,0.43
282,霍尼韦尔(US),HON,2022-06-23,171.05,168.39,172.43,166.74,3333352,582489648.0,3.32,-1.84,-3.16,0.49
283,霍尼韦尔(US),HON,2022-06-24,170.31,173.84,173.96,169.52,4155299,745739392.0,2.64,3.24,5.45,0.61
284,霍尼韦尔(US),HON,2022-06-27,174.81,172.11,174.96,171.22,2600743,463982224.0,2.15,-1.0,-1.73,0.38
285,霍尼韦尔(US),HON,2022-06-28,173.29,169.77,175.28,169.57,3181187,564170192.0,3.32,-1.36,-2.34,0.47
286,霍尼韦尔(US),HON,2022-06-29,169.87,167.02,170.3,165.23,2428327,420212432.0,2.99,-1.62,-2.75,0.36
287,霍尼韦尔(US),HON,2022-06-30,165.08,167.63,168.24,164.0,2872210,497579632.0,2.54,0.37,0.61,0.43
288,霍尼韦尔(US),HON,2022-07-01,167.47,168.93,169.19,165.39,1973132,343760944.0,2.27,0.78,1.3,0.29
289,霍尼韦尔(US),HON,2022-07-05,167.55,165.91,167.55,162.78,3346030,571562336.0,2.82,-1.79,-3.02,0.5
290,霍尼韦尔(US),HON,2022-07-06,166.59,167.03,168.07,164.9,2201924,380615328.0,1.91,0.68,1.12,0.33
291,霍尼韦尔(US),HON,2022-07-07,168.03,167.61,168.03,165.08,2756659,477249264.0,1.77,0.35,0.58,0.41
292,霍尼韦尔(US),HON,2022-07-08,167.71,167.16,168.15,165.34,1614764,279973760.0,1.68,-0.27,-0.45,0.24
293,霍尼韦尔(US),HON,2022-07-11,168.83,166.66,168.87,165.91,3224685,558622784.0,1.77,-0.3,-0.5,0.48
294,霍尼韦尔(US),HON,2022-07-12,165.54,167.43,170.64,165.54,2757656,480776048.0,3.06,0.46,0.77,0.41
295,霍尼韦尔(US),HON,2022-07-13,164.6,164.69,166.15,163.69,1997128,342032256.0,1.47,-1.64,-2.74,0.3
296,霍尼韦尔(US),HON,2022-07-14,162.54,163.33,163.6,161.17,1824205,308253872.0,1.48,-0.83,-1.36,0.27
297,霍尼韦尔(US),HON,2022-07-15,164.85,166.62,166.77,163.95,2188681,376887600.0,1.73,2.01,3.29,0.32
298,霍尼韦尔(US),HON,2022-07-18,166.96,164.77,168.05,164.35,1657002,284890224.0,2.22,-1.11,-1.85,0.25
299,霍尼韦尔(US),HON,2022-07-19,166.74,171.05,171.51,166.61,2455374,433126000.0,2.97,3.81,6.28,0.36
300,霍尼韦尔(US),HON,2022-07-20,170.63,172.08,172.46,170.0,1648766,293506128.0,1.44,0.6,1.03,0.24
301,霍尼韦尔(US),HON,2022-07-21,172.08,173.85,174.05,170.93,1853782,332734240.0,1.81,1.03,1.77,0.28
302,霍尼韦尔(US),HON,2022-07-22,174.32,175.29,176.71,174.02,2327308,422215024.0,1.55,0.83,1.44,0.35
303,霍尼韦尔(US),HON,2022-07-25,175.59,175.08,176.26,174.18,1941207,351960304.0,1.19,-0.12,-0.21,0.29
304,霍尼韦尔(US),HON,2022-07-26,175.47,175.24,177.35,174.23,2324131,422799888.0,1.78,0.09,0.16,0.34
305,霍尼韦尔(US),HON,2022-07-27,174.17,177.48,178.84,173.37,3492445,639353952.0,3.12,1.28,2.24,0.52
306,霍尼韦尔(US),HON,2022-07-28,182.93,184.26,185.3,180.7,3653912,693954560.0,2.59,3.82,6.78,0.54
307,霍尼韦尔(US),HON,2022-07-29,184.3,186.28,186.95,182.68,2907441,558066864.0,2.32,1.1,2.02,0.43
308,霍尼韦尔(US),HON,2022-08-01,185.23,185.81,186.98,184.72,2333338,447833072.0,1.21,-0.25,-0.47,0.35
309,霍尼韦尔(US),HON,2022-08-02,184.95,182.94,185.17,182.48,3335549,633442144.0,1.45,-1.54,-2.87,0.5
310,霍尼韦尔(US),HON,2022-08-03,183.18,185.32,185.73,181.62,2535107,482582224.0,2.25,1.3,2.38,0.38
311,霍尼韦尔(US),HON,2022-08-04,184.95,186.26,186.64,184.26,1701205,326987920.0,1.28,0.51,0.94,0.25
312,霍尼韦尔(US),HON,2022-08-05,185.39,186.09,186.67,184.1,1848911,355490112.0,1.38,-0.09,-0.17,0.27
313,霍尼韦尔(US),HON,2022-08-08,188.01,187.79,189.28,186.91,2077750,403240128.0,1.27,0.91,1.7,0.31
314,霍尼韦尔(US),HON,2022-08-09,188.39,187.91,188.73,187.22,2281653,443247040.0,0.8,0.06,0.12,0.34
315,霍尼韦尔(US),HON,2022-08-10,190.76,191.05,192.14,190.19,2639617,520832912.0,1.04,1.67,3.14,0.39
316,霍尼韦尔(US),HON,2022-08-11,191.8,193.31,194.42,191.8,2392759,475463440.0,1.37,1.18,2.26,0.36
317,霍尼韦尔(US),HON,2022-08-12,194.13,195.67,195.78,193.04,2257876,452250688.0,1.42,1.22,2.36,0.34
318,霍尼韦尔(US),HON,2022-08-15,195.43,197.05,197.5,194.24,2307868,466001216.0,1.67,0.71,1.38,0.34
319,霍尼韦尔(US),HON,2022-08-16,195.22,198.47,199.06,194.86,1661186,337291152.0,2.13,0.72,1.42,0.25
320,霍尼韦尔(US),HON,2022-08-17,196.61,197.58,198.77,196.05,1661265,336569440.0,1.37,-0.45,-0.89,0.25
321,霍尼韦尔(US),HON,2022-08-18,197.31,198.52,198.8,197.18,1509229,307134720.0,0.82,0.48,0.94,0.22
322,霍尼韦尔(US),HON,2022-08-19,197.42,196.36,197.62,195.66,2040688,411555984.0,0.99,-1.09,-2.16,0.3
323,霍尼韦尔(US),HON,2022-08-22,194.38,192.64,194.47,192.13,2587992,513009520.0,1.19,-1.89,-3.72,0.38
324,霍尼韦尔(US),HON,2022-08-23,193.16,192.35,193.63,191.94,1607694,318125888.0,0.88,-0.15,-0.29,0.24
325,霍尼韦尔(US),HON,2022-08-24,191.54,192.59,193.33,191.12,1351784,267114359.0,1.15,0.12,0.24,0.2
326,霍尼韦尔(US),HON,2022-08-25,194.02,195.23,195.3,192.72,1631498,325805968.0,1.34,1.37,2.64,0.24
327,霍尼韦尔(US),HON,2022-08-26,194.04,187.86,195.24,187.74,2837122,551568464.0,3.84,-3.78,-7.37,0.42
328,霍尼韦尔(US),HON,2022-08-29,187.58,187.22,188.7,186.0,2095736,403550768.0,1.44,-0.34,-0.64,0.31
329,霍尼韦尔(US),HON,2022-08-30,186.76,185.5,187.84,184.09,2224095,424012208.0,2.0,-0.92,-1.72,0.33
330,霍尼韦尔(US),HON,2022-08-31,187.37,184.15,187.46,183.81,2629320,499788864.0,1.97,-0.73,-1.35,0.39
331,霍尼韦尔(US),HON,2022-09-01,183.95,185.53,185.94,183.34,2242620,426337120.0,1.41,0.75,1.38,0.33
332,霍尼韦尔(US),HON,2022-09-02,187.89,181.69,188.23,181.03,2748450,518035232.0,3.88,-2.07,-3.84,0.41
333,霍尼韦尔(US),HON,2022-09-06,181.91,180.4,183.23,179.16,2548887,472912112.0,2.24,-0.71,-1.29,0.38
334,霍尼韦尔(US),HON,2022-09-07,180.7,183.89,184.56,180.63,2344335,442162208.0,2.18,1.93,3.49,0.35
335,霍尼韦尔(US),HON,2022-09-08,183.14,182.62,183.14,179.24,3506521,654999920.0,2.12,-0.69,-1.27,0.52
336,霍尼韦尔(US),HON,2022-09-09,183.91,186.49,186.81,183.61,2909913,556669008.0,1.75,2.12,3.87,0.43
337,霍尼韦尔(US),HON,2022-09-12,188.0,186.83,188.47,186.18,2766777,531827872.0,1.23,0.18,0.34,0.41
338,霍尼韦尔(US),HON,2022-09-13,183.31,179.78,184.84,179.42,4858466,904167840.0,2.9,-3.77,-7.05,0.72
339,霍尼韦尔(US),HON,2022-09-14,180.05,174.77,180.05,172.99,4949872,893518336.0,3.93,-2.79,-5.01,0.73
340,霍尼韦尔(US),HON,2022-09-15,173.94,171.66,174.79,171.0,3452101,613010064.0,2.17,-1.78,-3.11,0.51
341,霍尼韦尔(US),HON,2022-09-16,168.36,172.15,172.44,167.32,6417901,1128961216.0,2.98,0.29,0.49,0.95
342,霍尼韦尔(US),HON,2022-09-19,170.8,173.43,173.87,170.54,2416251,430205728.0,1.93,0.74,1.28,0.36
343,霍尼韦尔(US),HON,2022-09-20,171.84,171.81,172.35,169.87,2478881,437617488.0,1.43,-0.93,-1.62,0.37
344,霍尼韦尔(US),HON,2022-09-21,172.71,169.1,174.43,169.09,2505538,441732352.0,3.11,-1.58,-2.71,0.37
345,霍尼韦尔(US),HON,2022-09-22,168.34,168.05,169.55,166.82,2229980,387087296.0,1.61,-0.62,-1.05,0.33
346,霍尼韦尔(US),HON,2022-09-23,167.58,166.18,169.1,164.72,3202433,550170704.0,2.61,-1.11,-1.87,0.48
347,霍尼韦尔(US),HON,2022-09-26,166.33,164.87,167.13,163.66,3271638,557139424.0,2.09,-0.79,-1.31,0.49
348,霍尼韦尔(US),HON,2022-09-27,165.66,164.87,167.26,163.18,2692445,458017360.0,2.47,0.0,0.0,0.4
349,霍尼韦尔(US),HON,2022-09-28,166.66,168.63,169.56,165.23,3077877,533267232.0,2.63,2.28,3.76,0.46
350,霍尼韦尔(US),HON,2022-09-29,168.16,164.87,168.16,162.91,3116986,529615760.0,3.11,-2.23,-3.76,0.46
351,霍尼韦尔(US),HON,2022-09-30,164.9,161.77,166.0,161.43,3810273,640087664.0,2.77,-1.88,-3.1,0.57
352,霍尼韦尔(US),HON,2022-10-03,164.87,167.84,169.18,163.88,3379168,583741120.0,3.28,3.75,6.07,0.5
353,霍尼韦尔(US),HON,2022-10-04,169.7,172.99,173.21,169.63,3691385,654941888.0,2.13,3.07,5.15,0.55
354,霍尼韦尔(US),HON,2022-10-05,171.42,172.61,174.57,169.81,2940249,521702464.0,2.75,-0.22,-0.38,0.44
355,霍尼韦尔(US),HON,2022-10-06,171.09,169.84,172.49,168.66,2599393,455734720.0,2.22,-1.6,-2.77,0.39
356,霍尼韦尔(US),HON,2022-10-07,168.39,166.21,168.96,165.17,2961648,508678896.0,2.23,-2.14,-3.63,0.44
357,霍尼韦尔(US),HON,2022-10-10,167.61,166.69,168.6,164.92,1932124,332345968.0,2.21,0.29,0.48,0.29
358,霍尼韦尔(US),HON,2022-10-11,166.2,168.42,170.56,165.58,2908319,504686144.0,2.99,1.04,1.73,0.43
359,霍尼韦尔(US),HON,2022-10-12,168.86,167.59,169.8,167.0,2727972,472260656.0,1.66,-0.49,-0.83,0.41
360,霍尼韦尔(US),HON,2022-10-13,164.2,172.35,173.19,164.02,3223443,567725552.0,5.47,2.84,4.76,0.48
361,霍尼韦尔(US),HON,2022-10-14,172.95,168.96,173.32,168.63,2970553,519197712.0,2.72,-1.97,-3.39,0.44
362,霍尼韦尔(US),HON,2022-10-17,172.46,171.84,173.8,170.93,3437934,608744240.0,1.7,1.7,2.88,0.51
363,霍尼韦尔(US),HON,2022-10-18,174.98,174.68,175.96,172.44,1978578,355114704.0,2.05,1.65,2.84,0.29
364,霍尼韦尔(US),HON,2022-10-19,174.3,174.08,175.63,172.74,1688112,302734464.0,1.65,-0.34,-0.6,0.25
365,霍尼韦尔(US),HON,2022-10-20,174.16,172.44,175.62,171.91,2687496,479134112.0,2.13,-0.94,-1.64,0.4
366,霍尼韦尔(US),HON,2022-10-21,171.79,177.61,178.11,171.32,2959827,536033632.0,3.94,3.0,5.17,0.44
367,霍尼韦尔(US),HON,2022-10-24,179.31,181.7,182.88,178.64,3271208,610176400.0,2.39,2.3,4.09,0.49
368,霍尼韦尔(US),HON,2022-10-25,181.46,184.45,184.66,181.0,2907118,549232096.0,2.01,1.51,2.75,0.43
369,霍尼韦尔(US),HON,2022-10-26,186.43,185.07,187.75,184.56,4203806,802691360.0,1.73,0.34,0.62,0.63
370,霍尼韦尔(US),HON,2022-10-27,188.16,191.29,194.38,187.6,4754020,936807472.0,3.66,3.36,6.22,0.71
371,霍尼韦尔(US),HON,2022-10-28,193.8,199.73,199.96,191.49,4892755,994344848.0,4.43,4.41,8.44,0.73
372,霍尼韦尔(US),HON,2022-10-31,197.21,198.82,199.79,197.09,4433470,903379632.0,1.35,-0.46,-0.91,0.66
373,霍尼韦尔(US),HON,2022-11-01,199.25,197.9,199.88,196.32,4376652,887830048.0,1.79,-0.46,-0.92,0.65
374,霍尼韦尔(US),HON,2022-11-02,198.14,195.27,201.69,194.85,4692929,951196560.0,3.46,-1.33,-2.63,0.7
375,霍尼韦尔(US),HON,2022-11-03,195.17,199.19,200.85,193.97,4653836,949407136.0,3.52,2.01,3.92,0.69
376,霍尼韦尔(US),HON,2022-11-04,201.1,202.65,202.83,199.01,4125109,852105472.0,1.92,1.74,3.46,0.61
377,霍尼韦尔(US),HON,2022-11-07,202.5,204.57,205.04,201.94,2671829,558765968.0,1.53,0.95,1.92,0.4
378,霍尼韦尔(US),HON,2022-11-08,204.13,206.16,207.18,203.68,2631318,555067024.0,1.71,0.78,1.59,0.39
379,霍尼韦尔(US),HON,2022-11-09,205.83,204.46,207.37,204.27,3040359,636609920.0,1.5,-0.82,-1.7,0.45
380,霍尼韦尔(US),HON,2022-11-10,210.68,210.63,210.9,206.98,4354703,932393488.0,1.92,3.02,6.17,0.65
381,霍尼韦尔(US),HON,2022-11-11,210.42,208.56,210.79,207.28,4226792,899443728.0,1.67,-0.98,-2.07,0.63
382,霍尼韦尔(US),HON,2022-11-14,208.61,208.83,211.91,207.66,3074048,657665920.0,2.04,0.13,0.27,0.46
383,霍尼韦尔(US),HON,2022-11-15,211.19,211.26,212.02,208.92,2367383,509071712.0,1.48,1.16,2.43,0.35
384,霍尼韦尔(US),HON,2022-11-16,211.59,209.83,212.06,209.14,2447056,524390448.0,1.38,-0.68,-1.43,0.36
385,霍尼韦尔(US),HON,2022-11-17,208.08,210.34,211.21,207.85,2689734,575473776.0,1.6,0.24,0.51,0.4
386,霍尼韦尔(US),HON,2022-11-18,212.22,210.36,213.18,208.99,2974732,638583376.0,1.99,0.01,0.02,0.44
387,霍尼韦尔(US),HON,2022-11-21,210.83,212.39,213.05,209.68,2346620,508065744.0,1.6,0.97,2.03,0.35
388,霍尼韦尔(US),HON,2022-11-22,212.96,214.59,214.84,212.83,2516386,549381200.0,0.95,1.04,2.2,0.37
389,霍尼韦尔(US),HON,2022-11-23,214.62,214.74,216.51,214.13,2686758,589077392.0,1.11,0.07,0.15,0.4
390,霍尼韦尔(US),HON,2022-11-25,213.57,215.88,216.79,213.57,1119900,246448029.0,1.5,0.53,1.14,0.17
391,霍尼韦尔(US),HON,2022-11-28,215.53,211.6,216.04,211.3,2642826,574104432.0,2.2,-1.98,-4.28,0.39
392,霍尼韦尔(US),HON,2022-11-29,211.75,212.55,213.25,211.01,2101760,454765568.0,1.06,0.45,0.95,0.31
393,霍尼韦尔(US),HON,2022-11-30,212.15,215.38,216.48,209.52,4675120,1022599936.0,3.27,1.33,2.83,0.7
394,霍尼韦尔(US),HON,2022-12-01,216.11,213.22,216.45,212.18,3990378,867867840.0,1.98,-1.0,-2.16,0.59
395,霍尼韦尔(US),HON,2022-12-02,210.66,214.91,215.69,210.55,2194258,478840656.0,2.41,0.79,1.69,0.33
396,霍尼韦尔(US),HON,2022-12-05,213.58,211.43,214.42,211.03,3078017,665227216.0,1.58,-1.62,-3.48,0.46
397,霍尼韦尔(US),HON,2022-12-06,212.1,209.02,212.57,207.19,2518614,536865648.0,2.54,-1.14,-2.41,0.37
398,霍尼韦尔(US),HON,2022-12-07,209.8,209.28,209.92,207.84,2983537,636029664.0,1.0,0.12,0.26,0.44
399,霍尼韦尔(US),HON,2022-12-08,209.68,209.18,210.42,208.04,2169500,462875200.0,1.14,-0.05,-0.1,0.32
400,霍尼韦尔(US),HON,2022-12-09,209.18,207.46,210.32,207.23,2260246,480336320.0,1.48,-0.82,-1.72,0.34
401,霍尼韦尔(US),HON,2022-12-12,207.99,210.33,210.42,206.89,3347031,713175920.0,1.7,1.38,2.87,0.5
402,霍尼韦尔(US),HON,2022-12-13,215.38,210.79,215.79,208.97,3449789,742306704.0,3.24,0.22,0.46,0.51
403,霍尼韦尔(US),HON,2022-12-14,212.05,210.55,213.7,208.88,2545896,548563552.0,2.29,-0.11,-0.24,0.38
404,霍尼韦尔(US),HON,2022-12-15,208.72,204.8,209.55,203.86,3221605,674802320.0,2.7,-2.73,-5.75,0.48
405,霍尼韦尔(US),HON,2022-12-16,203.18,205.57,206.12,202.06,7128473,1489432896.0,1.98,0.38,0.77,1.06
406,霍尼韦尔(US),HON,2022-12-19,205.09,205.24,208.16,204.2,3089824,648067344.0,1.93,-0.16,-0.33,0.46
407,霍尼韦尔(US),HON,2022-12-20,205.4,207.32,208.59,205.05,1876122,396830672.0,1.72,1.01,2.08,0.28
408,霍尼韦尔(US),HON,2022-12-21,208.79,210.93,211.13,208.58,2625236,563385600.0,1.23,1.74,3.61,0.39
409,霍尼韦尔(US),HON,2022-12-22,210.17,208.14,210.44,204.82,2220111,470144320.0,2.66,-1.32,-2.79,0.33
410,霍尼韦尔(US),HON,2022-12-23,207.83,209.7,210.54,207.29,1300657,277906496.0,1.56,0.75,1.56,0.19
411,霍尼韦尔(US),HON,2022-12-27,209.73,210.72,211.61,209.54,1461037,314031296.0,0.99,0.49,1.02,0.22
412,霍尼韦尔(US),HON,2022-12-28,211.76,208.02,212.34,207.84,1607307,342548992.0,2.14,-1.28,-2.7,0.24
413,霍尼韦尔(US),HON,2022-12-29,208.92,210.58,211.08,208.6,1879921,402922480.0,1.19,1.23,2.56,0.28
414,霍尼韦尔(US),HON,2022-12-30,209.81,210.13,210.33,207.76,1599974,341938432.0,1.22,-0.21,-0.45,0.24
415,霍尼韦尔(US),HON,2023-01-03,210.98,210.13,210.98,208.05,2219496,474532192.0,1.39,0.0,0.0,0.33
416,霍尼韦尔(US),HON,2023-01-04,204.33,205.87,207.07,203.15,3860313,808752368.0,1.87,-2.03,-4.26,0.58
417,霍尼韦尔(US),HON,2023-01-05,204.31,200.3,204.64,199.89,4057482,833101072.0,2.31,-2.71,-5.57,0.61
418,霍尼韦尔(US),HON,2023-01-06,202.3,206.1,206.89,201.7,4056383,850518672.0,2.59,2.9,5.8,0.61
419,霍尼韦尔(US),HON,2023-01-09,206.1,206.5,209.46,205.37,2627479,554829168.0,1.98,0.19,0.4,0.39
420,霍尼韦尔(US),HON,2023-01-10,205.33,207.17,207.28,205.33,1775736,374636688.0,0.94,0.32,0.67,0.27
421,霍尼韦尔(US),HON,2023-01-11,207.81,208.13,208.74,205.84,2919491,618313744.0,1.4,0.46,0.96,0.44
422,霍尼韦尔(US),HON,2023-01-12,208.68,211.81,213.05,208.21,2964267,639107488.0,2.33,1.77,3.68,0.44
423,霍尼韦尔(US),HON,2023-01-13,210.32,212.44,212.66,208.73,1997090,430432960.0,1.86,0.3,0.63,0.3
424,霍尼韦尔(US),HON,2023-01-17,212.85,208.07,212.85,207.76,3281499,698840320.0,2.4,-2.06,-4.37,0.49
425,霍尼韦尔(US),HON,2023-01-18,206.72,200.07,206.72,199.81,5101401,1049999936.0,3.32,-3.84,-8.0,0.76
426,霍尼韦尔(US),HON,2023-01-19,200.13,196.49,200.21,196.05,4549156,916752896.0,2.08,-1.79,-3.58,0.68
427,霍尼韦尔(US),HON,2023-01-20,195.4,197.86,198.49,194.64,3977496,801805408.0,1.96,0.7,1.37,0.6
428,霍尼韦尔(US),HON,2023-01-23,198.38,200.29,201.68,197.21,2799719,571819552.0,2.26,1.23,2.43,0.42
429,霍尼韦尔(US),HON,2023-01-24,199.79,202.76,203.51,198.06,3217250,665745536.0,2.72,1.23,2.47,0.48
430,霍尼韦尔(US),HON,2023-01-25,200.37,202.5,202.98,199.59,2154853,443519024.0,1.67,-0.13,-0.26,0.32
431,霍尼韦尔(US),HON,2023-01-26,203.63,205.18,205.25,201.72,1927499,402089232.0,1.74,1.32,2.68,0.29
432,霍尼韦尔(US),HON,2023-01-27,203.72,203.96,205.66,203.47,2122529,442291824.0,1.07,-0.59,-1.22,0.32
433,霍尼韦尔(US),HON,2023-01-30,202.36,201.61,205.22,201.44,2545705,526069760.0,1.85,-1.15,-2.35,0.38
434,霍尼韦尔(US),HON,2023-01-31,202.4,204.31,204.4,201.34,2298778,477819936.0,1.52,1.34,2.7,0.34
435,霍尼韦尔(US),HON,2023-02-01,203.24,202.55,204.28,199.64,5392235,1112870720.0,2.27,-0.86,-1.76,0.81
436,霍尼韦尔(US),HON,2023-02-02,194.78,203.21,204.05,193.52,7183495,1465441552.0,5.2,0.33,0.66,1.08
437,霍尼韦尔(US),HON,2023-02-03,203.03,198.52,203.03,197.45,4457814,906145136.0,2.75,-2.31,-4.69,0.67
438,霍尼韦尔(US),HON,2023-02-06,198.08,199.87,199.96,196.59,2854188,579819936.0,1.7,0.68,1.35,0.43
439,霍尼韦尔(US),HON,2023-02-07,198.83,201.3,201.85,197.61,2947917,602845248.0,2.12,0.72,1.43,0.44
440,霍尼韦尔(US),HON,2023-02-08,199.73,198.05,200.64,197.04,3562421,720865008.0,1.79,-1.61,-3.25,0.53
441,霍尼韦尔(US),HON,2023-02-09,199.19,195.05,199.76,194.47,3013535,603943200.0,2.67,-1.51,-3.0,0.45
442,霍尼韦尔(US),HON,2023-02-10,194.64,196.3,196.66,194.2,2890779,578343728.0,1.26,0.64,1.25,0.43
443,霍尼韦尔(US),HON,2023-02-13,196.02,199.2,199.57,195.58,2973187,602905712.0,2.03,1.48,2.9,0.44
444,霍尼韦尔(US),HON,2023-02-14,198.92,196.83,198.93,194.5,2999565,602443376.0,2.22,-1.19,-2.37,0.45
445,霍尼韦尔(US),HON,2023-02-15,195.63,197.54,197.57,194.69,2532393,507718432.0,1.46,0.36,0.71,0.38
446,霍尼韦尔(US),HON,2023-02-16,194.6,195.19,197.37,193.81,2754941,550536400.0,1.8,-1.19,-2.35,0.41
447,霍尼韦尔(US),HON,2023-02-17,195.09,197.25,197.81,194.49,2850383,572652448.0,1.7,1.06,2.06,0.43
448,霍尼韦尔(US),HON,2023-02-21,197.4,192.59,197.48,192.28,2831026,559106880.0,2.64,-2.36,-4.66,0.42
449,霍尼韦尔(US),HON,2023-02-22,192.91,191.32,193.32,190.45,2963294,580378560.0,1.49,-0.66,-1.27,0.44
450,霍尼韦尔(US),HON,2023-02-23,192.9,191.88,192.9,189.44,2446679,475753792.0,1.81,0.29,0.56,0.37
451,霍尼韦尔(US),HON,2023-02-24,190.75,188.9,190.75,187.72,3305720,634030336.0,1.58,-1.55,-2.98,0.49
452,霍尼韦尔(US),HON,2023-02-27,191.28,189.31,191.86,188.6,3363256,648190368.0,1.73,0.22,0.41,0.5
453,霍尼韦尔(US),HON,2023-02-28,188.37,188.34,189.22,186.49,3110131,595381520.0,1.44,-0.51,-0.97,0.47
454,霍尼韦尔(US),HON,2023-03-01,187.49,189.74,191.21,187.43,3231729,623497632.0,2.01,0.74,1.4,0.48
455,霍尼韦尔(US),HON,2023-03-02,188.45,191.31,191.98,188.36,4254284,824173808.0,1.91,0.83,1.57,0.64
456,霍尼韦尔(US),HON,2023-03-03,192.3,193.68,194.4,191.08,3116629,612191472.0,1.74,1.24,2.37,0.47
457,霍尼韦尔(US),HON,2023-03-06,194.05,193.9,196.17,193.51,2721778,537949232.0,1.37,0.11,0.22,0.41
458,霍尼韦尔(US),HON,2023-03-07,194.28,192.48,195.06,191.61,2781131,545604224.0,1.78,-0.73,-1.42,0.42
459,霍尼韦尔(US),HON,2023-03-08,193.14,192.43,193.51,190.99,2065035,403451760.0,1.31,-0.03,-0.05,0.31
460,霍尼韦尔(US),HON,2023-03-09,193.74,189.74,193.81,189.21,3188590,618796752.0,2.39,-1.4,-2.69,0.48
461,霍尼韦尔(US),HON,2023-03-10,189.74,190.19,193.54,188.75,3667341,710810928.0,2.52,0.24,0.45,0.55
462,霍尼韦尔(US),HON,2023-03-13,189.86,189.96,192.09,189.03,3223590,623569008.0,1.61,-0.12,-0.23,0.48
463,霍尼韦尔(US),HON,2023-03-14,192.92,189.83,193.03,187.03,4853203,935150528.0,3.16,-0.07,-0.13,0.73
464,霍尼韦尔(US),HON,2023-03-15,186.93,184.98,187.87,181.62,3926282,736182144.0,3.29,-2.55,-4.85,0.59
465,霍尼韦尔(US),HON,2023-03-16,184.23,186.0,186.63,183.16,3897012,736251728.0,1.88,0.55,1.02,0.58
466,霍尼韦尔(US),HON,2023-03-17,184.67,181.5,184.87,181.09,7383864,1370706896.0,2.03,-2.42,-4.5,1.11
467,霍尼韦尔(US),HON,2023-03-20,182.82,186.74,187.1,182.37,2840845,537801632.0,2.61,2.89,5.24,0.43
468,霍尼韦尔(US),HON,2023-03-21,187.93,188.02,189.0,186.01,3133912,598242528.0,1.6,0.69,1.28,0.47
469,霍尼韦尔(US),HON,2023-03-22,188.58,184.02,188.86,183.94,2348725,443423760.0,2.62,-2.13,-4.0,0.35
470,霍尼韦尔(US),HON,2023-03-23,183.72,183.78,186.28,182.41,2360130,442075392.0,2.1,-0.13,-0.24,0.35
471,霍尼韦尔(US),HON,2023-03-24,183.25,185.02,185.08,181.46,2332277,435717520.0,1.97,0.67,1.24,0.35
472,霍尼韦尔(US),HON,2023-03-27,185.49,184.85,186.45,184.29,2133141,401579872.0,1.17,-0.09,-0.17,0.32
473,霍尼韦尔(US),HON,2023-03-28,184.61,184.78,186.47,184.26,2069760,389601520.0,1.2,-0.04,-0.07,0.31
474,霍尼韦尔(US),HON,2023-03-29,186.52,185.93,186.57,184.63,2684187,506483024.0,1.05,0.62,1.15,0.4
475,霍尼韦尔(US),HON,2023-03-30,186.47,185.98,187.3,184.84,1999467,377933120.0,1.32,0.03,0.05,0.3
476,霍尼韦尔(US),HON,2023-03-31,186.98,187.98,188.24,186.19,2702570,515572144.0,1.1,1.08,2.0,0.41
477,霍尼韦尔(US),HON,2023-04-03,187.43,190.14,190.76,186.82,2873741,554138720.0,2.1,1.15,2.16,0.43
478,霍尼韦尔(US),HON,2023-04-04,189.98,187.8,190.09,186.54,2499133,476852544.0,1.87,-1.23,-2.34,0.38
479,霍尼韦尔(US),HON,2023-04-05,187.15,186.29,187.87,186.14,3030036,575158368.0,0.92,-0.8,-1.51,0.46
480,霍尼韦尔(US),HON,2023-04-06,186.47,187.32,188.97,185.87,2782289,531022320.0,1.66,0.55,1.03,0.42
481,霍尼韦尔(US),HON,2023-04-10,187.6,188.54,189.46,187.18,2540349,487007712.0,1.22,0.65,1.22,0.38
482,霍尼韦尔(US),HON,2023-04-11,189.74,189.05,190.02,188.68,2435597,468528144.0,0.71,0.27,0.51,0.37
483,霍尼韦尔(US),HON,2023-04-12,190.32,190.09,191.73,189.19,3656911,707762192.0,1.34,0.55,1.04,0.55
484,霍尼韦尔(US),HON,2023-04-13,190.11,192.76,193.28,189.46,3360733,655382752.0,2.01,1.4,2.67,0.5
485,霍尼韦尔(US),HON,2023-04-14,192.49,193.41,194.59,192.11,1964058,385590128.0,1.29,0.34,0.65,0.3
486,霍尼韦尔(US),HON,2023-04-17,194.04,194.72,194.93,193.6,1682747,332518336.0,0.69,0.68,1.31,0.25
487,霍尼韦尔(US),HON,2023-04-18,195.58,193.79,196.33,193.08,2399951,472717104.0,1.67,-0.48,-0.93,0.36
488,霍尼韦尔(US),HON,2023-04-19,195.11,194.67,195.52,194.08,1864129,368932816.0,0.74,0.45,0.88,0.28
489,霍尼韦尔(US),HON,2023-04-20,194.36,193.61,194.62,192.86,1947074,383289488.0,0.9,-0.54,-1.06,0.29
490,霍尼韦尔(US),HON,2023-04-21,193.95,192.94,194.21,192.26,1970694,386656256.0,1.01,-0.35,-0.67,0.3
491,霍尼韦尔(US),HON,2023-04-24,194.07,193.64,194.94,193.13,1605640,316125552.0,0.94,0.36,0.7,0.24
492,霍尼韦尔(US),HON,2023-04-25,195.38,192.82,195.77,192.72,2244307,441229872.0,1.58,-0.42,-0.82,0.34
493,霍尼韦尔(US),HON,2023-04-26,190.74,187.76,191.33,187.04,3579352,685305520.0,2.22,-2.62,-5.06,0.54
494,霍尼韦尔(US),HON,2023-04-27,192.8,195.47,195.71,190.43,3862369,763054736.0,2.81,4.11,7.71,0.58
495,霍尼韦尔(US),HON,2023-04-28,195.86,196.7,197.67,195.35,2851573,569749040.0,1.19,0.63,1.23,0.43
496,霍尼韦尔(US),HON,2023-05-01,196.86,197.34,199.02,196.82,2224861,447070672.0,1.12,0.33,0.64,0.33
497,霍尼韦尔(US),HON,2023-05-02,196.52,195.12,196.52,193.23,2588338,512705056.0,1.67,-1.12,-2.22,0.39
498,霍尼韦尔(US),HON,2023-05-03,196.71,194.82,197.47,194.57,2775285,550974016.0,1.49,-0.15,-0.3,0.42
499,霍尼韦尔(US),HON,2023-05-04,195.08,193.08,195.86,191.79,2304847,452329072.0,2.09,-0.89,-1.74,0.35
500,霍尼韦尔(US),HON,2023-05-05,194.2,195.28,195.45,193.64,2088101,413465952.0,0.94,1.14,2.2,0.31
501,霍尼韦尔(US),HON,2023-05-08,196.61,193.81,196.84,192.83,1494474,294737152.0,2.05,-0.75,-1.47,0.22
502,霍尼韦尔(US),HON,2023-05-09,192.82,193.99,195.15,191.82,2237665,441218352.0,1.72,0.09,0.18,0.34
503,霍尼韦尔(US),HON,2023-05-10,194.35,194.2,195.6,191.18,2158477,424978832.0,2.28,0.11,0.21,0.32
504,霍尼韦尔(US),HON,2023-05-11,193.82,191.87,194.18,191.09,2870794,558007840.0,1.59,-1.2,-2.33,0.43
505,霍尼韦尔(US),HON,2023-05-12,192.83,191.51,193.24,190.59,2102037,407043408.0,1.38,-0.19,-0.36,0.32
506,霍尼韦尔(US),HON,2023-05-15,191.39,192.2,193.37,190.54,1565880,304025248.0,1.48,0.36,0.69,0.24
507,霍尼韦尔(US),HON,2023-05-16,191.85,189.5,191.85,189.19,2050805,393603680.0,1.38,-1.4,-2.7,0.31
508,霍尼韦尔(US),HON,2023-05-17,190.92,193.91,194.32,190.43,2420950,473097984.0,2.05,2.33,4.41,0.36
509,霍尼韦尔(US),HON,2023-05-18,193.34,196.14,196.28,192.78,2438035,480556336.0,1.8,1.15,2.23,0.37
510,霍尼韦尔(US),HON,2023-05-19,197.39,195.24,198.15,194.95,2669524,528815728.0,1.63,-0.46,-0.9,0.4
511,霍尼韦尔(US),HON,2023-05-22,194.94,194.82,196.3,193.11,1763744,347639440.0,1.63,-0.22,-0.42,0.26
512,霍尼韦尔(US),HON,2023-05-23,195.09,192.86,195.46,192.78,2159034,422333040.0,1.38,-1.01,-1.96,0.32
513,霍尼韦尔(US),HON,2023-05-24,192.82,189.75,193.09,188.78,1744508,335287024.0,2.23,-1.61,-3.11,0.26
514,霍尼韦尔(US),HON,2023-05-25,189.76,190.16,190.44,187.88,2421623,464406960.0,1.35,0.22,0.41,0.36
515,霍尼韦尔(US),HON,2023-05-26,190.67,191.64,192.21,190.04,1972053,382056896.0,1.14,0.78,1.48,0.3
516,霍尼韦尔(US),HON,2023-05-30,191.49,192.44,192.67,188.31,2256597,437008464.0,2.28,0.42,0.8,0.34
517,霍尼韦尔(US),HON,2023-05-31,191.74,189.49,191.93,188.25,3655780,700513296.0,1.91,-1.53,-2.95,0.55
518,霍尼韦尔(US),HON,2023-06-01,189.74,191.75,192.19,188.36,1908989,368649248.0,2.02,1.19,2.26,0.29
519,霍尼韦尔(US),HON,2023-06-02,194.34,196.74,197.45,193.78,2740769,543725664.0,1.91,2.6,4.99,0.41
520,霍尼韦尔(US),HON,2023-06-05,196.61,195.07,197.01,193.94,1662658,328084592.0,1.56,-0.85,-1.67,0.25
521,霍尼韦尔(US),HON,2023-06-06,195.45,194.23,195.99,193.25,2294495,450327200.0,1.4,-0.43,-0.84,0.34
522,霍尼韦尔(US),HON,2023-06-07,194.85,196.28,196.59,192.12,2555467,504590032.0,2.3,1.06,2.05,0.38
523,霍尼韦尔(US),HON,2023-06-08,195.76,196.04,196.64,194.95,1626605,322238736.0,0.86,-0.12,-0.24,0.24
524,霍尼韦尔(US),HON,2023-06-09,195.52,195.78,196.65,193.98,1760237,347831056.0,1.36,-0.13,-0.26,0.26
525,霍尼韦尔(US),HON,2023-06-12,196.1,196.39,196.84,194.52,1680776,333170640.0,1.19,0.31,0.61,0.25
526,霍尼韦尔(US),HON,2023-06-13,196.39,199.0,199.17,195.65,1987889,398433552.0,1.79,1.33,2.61,0.3
527,霍尼韦尔(US),HON,2023-06-14,199.89,198.41,200.7,196.55,2656842,531936256.0,2.09,-0.3,-0.59,0.4
528,霍尼韦尔(US),HON,2023-06-15,199.14,201.62,201.99,198.32,2467702,501400512.0,1.85,1.62,3.21,0.37
529,霍尼韦尔(US),HON,2023-06-16,202.89,200.86,203.91,200.35,5005821,1020976208.0,1.77,-0.38,-0.76,0.75
530,霍尼韦尔(US),HON,2023-06-20,200.54,198.29,200.86,196.92,2085168,418139280.0,1.96,-1.28,-2.57,0.31
531,霍尼韦尔(US),HON,2023-06-21,197.18,199.69,200.67,196.0,2553482,513904032.0,2.36,0.71,1.4,0.38
532,霍尼韦尔(US),HON,2023-06-22,199.85,198.54,200.17,197.52,1616945,324305168.0,1.33,-0.58,-1.15,0.24
533,霍尼韦尔(US),HON,2023-06-23,197.02,197.98,198.55,196.54,3322857,664142704.0,1.01,-0.28,-0.56,0.5
534,霍尼韦尔(US),HON,2023-06-26,198.19,200.47,200.95,197.34,2131606,430725904.0,1.82,1.26,2.49,0.32
535,霍尼韦尔(US),HON,2023-06-27,200.45,201.23,201.96,200.34,2358820,479739728.0,0.81,0.38,0.76,0.35
536,霍尼韦尔(US),HON,2023-06-28,201.31,200.39,201.81,199.89,1972042,399552512.0,0.95,-0.42,-0.84,0.3
537,霍尼韦尔(US),HON,2023-06-29,200.31,204.36,204.52,199.63,2544081,522639904.0,2.44,1.98,3.97,0.38
538,霍尼韦尔(US),HON,2023-06-30,205.56,205.39,206.38,204.7,3009911,624713264.0,0.82,0.5,1.03,0.45
539,霍尼韦尔(US),HON,2023-07-03,204.68,206.19,206.53,202.93,1215113,253108037.0,1.75,0.39,0.8,0.18
540,霍尼韦尔(US),HON,2023-07-05,205.29,204.32,206.23,203.84,2336660,483438272.0,1.16,-0.91,-1.87,0.35
541,霍尼韦尔(US),HON,2023-07-06,202.86,201.9,202.94,199.97,2102512,428076752.0,1.45,-1.18,-2.42,0.32
542,霍尼韦尔(US),HON,2023-07-07,200.77,201.15,203.61,200.05,2253783,459530336.0,1.76,-0.37,-0.75,0.34
543,霍尼韦尔(US),HON,2023-07-10,202.1,205.63,205.87,201.51,3102208,642390976.0,2.17,2.23,4.48,0.47
544,霍尼韦尔(US),HON,2023-07-11,206.33,206.62,207.42,205.33,2801495,583863456.0,1.02,0.48,0.99,0.42
545,霍尼韦尔(US),HON,2023-07-12,208.28,206.41,208.76,206.24,2967190,620719904.0,1.22,-0.1,-0.21,0.45
546,霍尼韦尔(US),HON,2023-07-13,205.56,206.6,207.1,205.08,2324260,484389152.0,0.98,0.09,0.19,0.35
547,霍尼韦尔(US),HON,2023-07-14,205.8,204.03,205.8,203.39,2161287,445812112.0,1.17,-1.24,-2.57,0.33
548,霍尼韦尔(US),HON,2023-07-17,203.46,206.06,206.72,203.15,2150723,446770144.0,1.75,0.99,2.03,0.32
549,霍尼韦尔(US),HON,2023-07-18,204.59,203.14,205.05,201.84,3668886,753516240.0,1.56,-1.42,-2.92,0.55
550,霍尼韦尔(US),HON,2023-07-19,201.74,203.06,203.95,201.72,2505953,514242336.0,1.1,-0.04,-0.08,0.38
551,霍尼韦尔(US),HON,2023-07-20,204.04,205.85,207.13,203.47,2532700,526853216.0,1.8,1.37,2.79,0.38
552,霍尼韦尔(US),HON,2023-07-21,206.2,206.49,208.28,205.67,7529639,1571675872.0,1.27,0.31,0.64,1.13
553,霍尼韦尔(US),HON,2023-07-24,206.56,207.21,208.05,206.1,1846799,386310080.0,0.94,0.35,0.72,0.28
554,霍尼韦尔(US),HON,2023-07-25,206.04,207.57,208.03,205.16,1968377,412141904.0,1.39,0.17,0.36,0.3
555,霍尼韦尔(US),HON,2023-07-26,206.67,206.15,207.29,205.08,3293054,685252480.0,1.06,-0.68,-1.42,0.5
556,霍尼韦尔(US),HON,2023-07-27,201.6,194.3,202.01,193.54,6595540,1307125376.0,4.11,-5.75,-11.85,0.99
557,霍尼韦尔(US),HON,2023-07-28,195.55,193.08,196.1,192.9,3936174,771630272.0,1.65,-0.63,-1.22,0.59
558,霍尼韦尔(US),HON,2023-07-31,193.01,192.02,193.4,191.31,3447783,669316816.0,1.08,-0.55,-1.06,0.52
559,霍尼韦尔(US),HON,2023-08-01,191.24,191.37,192.69,190.85,3976944,770140032.0,0.96,-0.34,-0.65,0.6
560,霍尼韦尔(US),HON,2023-08-02,191.79,190.79,193.19,190.29,2997973,579963920.0,1.52,-0.3,-0.58,0.45
561,霍尼韦尔(US),HON,2023-08-03,190.67,188.4,190.79,188.35,2509410,479387456.0,1.28,-1.25,-2.39,0.38
562,霍尼韦尔(US),HON,2023-08-04,189.15,187.1,189.71,186.7,2408676,457937344.0,1.6,-0.69,-1.3,0.36
563,霍尼韦尔(US),HON,2023-08-07,188.0,187.49,188.56,186.49,2842650,538644352.0,1.11,0.21,0.39,0.43
564,霍尼韦尔(US),HON,2023-08-08,186.49,185.54,186.49,184.46,3261703,611605936.0,1.08,-1.04,-1.95,0.49
565,霍尼韦尔(US),HON,2023-08-09,184.94,187.13,188.16,184.89,3224678,608879456.0,1.76,0.86,1.59,0.49
566,霍尼韦尔(US),HON,2023-08-10,187.14,187.66,189.54,186.98,2811662,531782064.0,1.37,0.28,0.53,0.42
567,霍尼韦尔(US),HON,2023-08-11,187.12,189.59,190.36,187.12,2700032,514431632.0,1.73,1.03,1.93,0.41
568,霍尼韦尔(US),HON,2023-08-14,189.87,188.43,190.73,188.08,2444190,463689824.0,1.4,-0.61,-1.16,0.37
569,霍尼韦尔(US),HON,2023-08-15,186.9,186.72,187.34,185.48,2251989,422789952.0,0.99,-0.91,-1.71,0.34
570,霍尼韦尔(US),HON,2023-08-16,186.57,185.41,187.42,185.33,2241316,419662544.0,1.12,-0.7,-1.31,0.34
571,霍尼韦尔(US),HON,2023-08-17,186.38,184.9,187.14,184.9,2481131,463158448.0,1.21,-0.28,-0.51,0.37
572,霍尼韦尔(US),HON,2023-08-18,184.11,185.5,186.48,183.99,2053767,383129920.0,1.35,0.32,0.6,0.31
573,霍尼韦尔(US),HON,2023-08-21,184.93,185.87,186.22,184.34,1930803,360397552.0,1.01,0.2,0.37,0.29
574,霍尼韦尔(US),HON,2023-08-22,186.27,184.93,186.42,184.47,1713108,318831664.0,1.05,-0.51,-0.94,0.26
575,霍尼韦尔(US),HON,2023-08-23,185.42,186.0,186.49,185.07,1899304,355157808.0,0.77,0.58,1.07,0.29
576,霍尼韦尔(US),HON,2023-08-24,185.86,184.08,187.71,184.03,2391471,444584752.0,1.98,-1.03,-1.92,0.36
577,霍尼韦尔(US),HON,2023-08-25,184.54,185.22,186.09,183.5,1943869,361830736.0,1.41,0.62,1.14,0.29
578,霍尼韦尔(US),HON,2023-08-28,187.36,186.8,188.56,186.04,1941139,365303216.0,1.36,0.85,1.58,0.29
579,霍尼韦尔(US),HON,2023-08-29,186.8,188.44,188.74,186.27,2180494,412749088.0,1.32,0.88,1.64,0.33
580,霍尼韦尔(US),HON,2023-08-30,188.44,187.48,189.62,186.63,2206947,416200752.0,1.59,-0.51,-0.96,0.33
581,霍尼韦尔(US),HON,2023-08-31,187.37,186.86,188.32,186.84,2598517,489403744.0,0.79,-0.33,-0.62,0.39
582,霍尼韦尔(US),HON,2023-09-01,187.94,187.31,188.41,186.46,1595824,300579712.0,1.04,0.24,0.45,0.24
583,霍尼韦尔(US),HON,2023-09-05,187.5,184.62,187.72,184.54,2229187,415026768.0,1.7,-1.44,-2.69,0.34
584,霍尼韦尔(US),HON,2023-09-06,183.96,183.43,184.75,182.55,2228925,411437200.0,1.19,-0.64,-1.19,0.34
585,霍尼韦尔(US),HON,2023-09-07,183.67,183.04,184.75,182.15,2086214,384076000.0,1.42,-0.21,-0.39,0.31
586,霍尼韦尔(US),HON,2023-09-08,182.72,183.44,183.91,182.34,1769739,326143328.0,0.86,0.22,0.4,0.27
587,霍尼韦尔(US),HON,2023-09-11,184.85,185.13,185.56,183.67,2115478,393196448.0,1.03,0.92,1.69,0.32
588,霍尼韦尔(US),HON,2023-09-12,185.11,188.13,188.86,184.89,3667566,692065680.0,2.14,1.62,3.0,0.55
589,霍尼韦尔(US),HON,2023-09-13,188.74,190.51,192.58,188.71,5057296,971507872.0,2.06,1.27,2.38,0.76
590,霍尼韦尔(US),HON,2023-09-14,191.32,192.48,194.23,190.86,3682184,713854064.0,1.77,1.03,1.97,0.55
591,霍尼韦尔(US),HON,2023-09-15,193.44,191.96,193.84,191.31,6014023,1164316752.0,1.31,-0.27,-0.52,0.91
592,霍尼韦尔(US),HON,2023-09-18,191.67,193.38,194.27,191.36,2296961,446749712.0,1.52,0.74,1.42,0.35
593,霍尼韦尔(US),HON,2023-09-19,192.06,194.27,194.54,192.06,2872400,559868432.0,1.28,0.46,0.89,0.43
594,霍尼韦尔(US),HON,2023-09-20,195.06,193.36,196.01,193.31,2374326,463900368.0,1.39,-0.47,-0.91,0.36
595,霍尼韦尔(US),HON,2023-09-21,193.59,190.35,193.59,190.32,2917718,561486672.0,1.69,-1.56,-3.01,0.44
596,霍尼韦尔(US),HON,2023-09-22,189.85,188.7,190.76,188.51,2824497,537717792.0,1.18,-0.87,-1.65,0.43
597,霍尼韦尔(US),HON,2023-09-25,187.96,190.78,190.95,187.48,2723193,520843664.0,1.84,1.1,2.08,0.41
598,霍尼韦尔(US),HON,2023-09-26,189.93,186.81,190.26,186.68,3399534,640891936.0,1.88,-2.08,-3.97,0.51
599,霍尼韦尔(US),HON,2023-09-27,187.86,186.8,187.86,185.27,2235298,419948752.0,1.39,-0.01,-0.01,0.34
600,霍尼韦尔(US),HON,2023-09-28,186.65,186.03,187.9,185.6,2912309,545676096.0,1.23,-0.41,-0.77,0.44
601,霍尼韦尔(US),HON,2023-09-29,187.14,183.66,187.15,183.26,3330883,617213456.0,2.09,-1.27,-2.37,0.5
602,霍尼韦尔(US),HON,2023-10-02,182.92,181.53,183.74,179.99,2700935,493065552.0,2.04,-1.16,-2.13,0.41
603,霍尼韦尔(US),HON,2023-10-03,180.78,180.06,181.64,179.16,2490471,450981520.0,1.37,-0.81,-1.47,0.38
604,霍尼韦尔(US),HON,2023-10-04,180.35,181.42,181.88,179.34,2298684,418722832.0,1.41,0.76,1.36,0.35
605,霍尼韦尔(US),HON,2023-10-05,181.07,178.94,181.34,178.05,2288328,412362608.0,1.81,-1.37,-2.48,0.35
606,霍尼韦尔(US),HON,2023-10-06,179.39,183.58,184.22,178.62,3770890,693107728.0,3.13,2.59,4.64,0.57
607,霍尼韦尔(US),HON,2023-10-09,184.23,185.44,185.9,183.68,2278984,424216800.0,1.21,1.01,1.86,0.35
608,霍尼韦尔(US),HON,2023-10-10,186.92,185.26,187.01,183.3,3262668,608173744.0,2.0,-0.1,-0.18,0.49
609,霍尼韦尔(US),HON,2023-10-11,185.48,186.32,187.21,184.73,2210345,413817264.0,1.34,0.57,1.06,0.34
610,霍尼韦尔(US),HON,2023-10-12,186.28,182.86,186.31,181.74,2414023,444650736.0,2.45,-1.86,-3.46,0.37
611,霍尼韦尔(US),HON,2023-10-13,183.77,182.48,183.77,181.28,2245641,411937136.0,1.36,-0.21,-0.38,0.34
612,霍尼韦尔(US),HON,2023-10-16,184.53,185.15,186.42,184.05,2433101,453397840.0,1.3,1.46,2.67,0.37
613,霍尼韦尔(US),HON,2023-10-17,184.26,185.24,186.21,183.89,1848913,344419600.0,1.25,0.05,0.09,0.28
614,霍尼韦尔(US),HON,2023-10-18,184.55,182.39,184.96,181.96,2262036,417133472.0,1.62,-1.54,-2.85,0.34
615,霍尼韦尔(US),HON,2023-10-19,182.09,181.19,184.78,180.78,2565722,471068832.0,2.19,-0.66,-1.2,0.39
616,霍尼韦尔(US),HON,2023-10-20,181.57,180.24,182.7,179.98,3043455,553690576.0,1.5,-0.52,-0.95,0.46
617,霍尼韦尔(US),HON,2023-10-23,180.51,179.44,182.0,179.31,2073580,376559184.0,1.49,-0.44,-0.8,0.31
618,霍尼韦尔(US),HON,2023-10-24,180.49,180.38,181.94,179.18,2552306,463003472.0,1.54,0.52,0.94,0.39
619,霍尼韦尔(US),HON,2023-10-25,180.37,177.01,180.7,176.9,4147428,741386320.0,2.11,-1.87,-3.37,0.63
620,霍尼韦尔(US),HON,2023-10-26,177.5,174.98,181.91,173.8,4817578,854455168.0,4.58,-1.15,-2.03,0.73
621,霍尼韦尔(US),HON,2023-10-27,174.57,175.92,178.04,174.27,3400371,603210224.0,2.15,0.54,0.94,0.52
622,霍尼韦尔(US),HON,2023-10-30,176.46,178.67,179.22,175.52,2633837,471314800.0,2.1,1.56,2.75,0.4
623,霍尼韦尔(US),HON,2023-10-31,178.42,182.18,182.84,178.1,3770344,688906352.0,2.65,1.96,3.51,0.57
624,霍尼韦尔(US),HON,2023-11-01,183.11,182.91,183.19,180.34,3358688,616262752.0,1.56,0.4,0.73,0.51
625,霍尼韦尔(US),HON,2023-11-02,184.52,185.35,186.06,183.07,3059557,568624864.0,1.63,1.33,2.44,0.46
626,霍尼韦尔(US),HON,2023-11-03,187.06,187.91,189.13,186.9,2960084,560041824.0,1.2,1.38,2.56,0.45
627,霍尼韦尔(US),HON,2023-11-06,187.59,186.42,187.82,185.94,2339892,439452320.0,1.0,-0.79,-1.49,0.35
628,霍尼韦尔(US),HON,2023-11-07,185.69,185.53,186.17,184.48,2482252,463073504.0,0.91,-0.48,-0.89,0.38
629,霍尼韦尔(US),HON,2023-11-08,185.8,183.54,185.8,182.7,3193524,589710512.0,1.67,-1.07,-1.99,0.48
630,霍尼韦尔(US),HON,2023-11-09,183.87,183.68,185.42,183.2,2718322,499885072.0,1.21,0.08,0.14,0.41
631,霍尼韦尔(US),HON,2023-11-10,184.61,186.71,186.92,183.66,2178647,405422016.0,1.77,1.65,3.03,0.33
632,霍尼韦尔(US),HON,2023-11-13,186.8,186.51,187.51,185.71,1675859,312624672.0,0.96,-0.11,-0.2,0.25
633,霍尼韦尔(US),HON,2023-11-14,188.77,190.24,190.67,188.65,2951656,560531152.0,1.08,2.0,3.73,0.45
634,霍尼韦尔(US),HON,2023-11-15,190.48,189.55,191.76,188.78,4076819,773294160.0,1.57,-0.36,-0.69,0.62
635,霍尼韦尔(US),HON,2023-11-16,191.22,190.71,192.36,190.41,2133472,407489728.0,1.03,0.61,1.16,0.32
636,霍尼韦尔(US),HON,2023-11-17,191.79,191.21,192.0,189.93,2207822,421845568.0,1.09,0.26,0.5,0.33
637,霍尼韦尔(US),HON,2023-11-20,190.67,191.8,192.38,190.07,2000174,383099248.0,1.21,0.31,0.59,0.3
638,霍尼韦尔(US),HON,2023-11-21,191.09,191.24,191.61,190.07,1877572,358836144.0,0.8,-0.29,-0.56,0.28
639,霍尼韦尔(US),HON,2023-11-22,191.1,192.31,192.87,190.13,1881988,361335056.0,1.43,0.56,1.07,0.29
640,霍尼韦尔(US),HON,2023-11-24,193.12,193.41,193.71,192.41,1074506,207758625.0,0.68,0.57,1.1,0.16
641,霍尼韦尔(US),HON,2023-11-27,192.61,192.97,193.68,192.35,2480483,478921344.0,0.69,-0.23,-0.44,0.38
642,霍尼韦尔(US),HON,2023-11-28,192.99,194.27,195.07,192.41,3329148,646670720.0,1.38,0.67,1.3,0.5
643,霍尼韦尔(US),HON,2023-11-29,195.53,194.26,196.32,193.93,2243034,436895632.0,1.23,-0.01,-0.01,0.34
644,霍尼韦尔(US),HON,2023-11-30,194.27,195.92,196.12,194.03,3114043,609279248.0,1.08,0.85,1.66,0.47
645,霍尼韦尔(US),HON,2023-12-01,196.5,197.78,198.09,195.32,3112060,614044816.0,1.41,0.95,1.86,0.47
646,霍尼韦尔(US),HON,2023-12-04,196.52,198.36,198.46,196.46,2717466,538001136.0,1.01,0.29,0.58,0.41
647,霍尼韦尔(US),HON,2023-12-05,197.52,196.95,197.84,195.33,2584262,508198000.0,1.27,-0.71,-1.41,0.39
648,霍尼韦尔(US),HON,2023-12-06,198.15,197.79,199.13,197.28,2230902,441666000.0,0.94,0.43,0.84,0.34
649,霍尼韦尔(US),HON,2023-12-07,198.99,197.79,199.05,197.46,2436954,482510640.0,0.8,0.0,0.0,0.37
650,霍尼韦尔(US),HON,2023-12-08,196.04,194.61,197.23,193.01,4545331,886056480.0,2.13,-1.61,-3.18,0.69
651,霍尼韦尔(US),HON,2023-12-11,196.45,200.39,200.51,196.05,3706188,740675616.0,2.29,2.97,5.78,0.56
652,霍尼韦尔(US),HON,2023-12-12,202.0,201.51,202.3,200.86,3094085,623494864.0,0.72,0.56,1.12,0.47
653,霍尼韦尔(US),HON,2023-12-13,202.6,203.08,203.16,200.25,3063397,619917744.0,1.44,0.78,1.57,0.46
654,霍尼韦尔(US),HON,2023-12-14,204.0,203.41,204.64,202.46,3785666,770268336.0,1.07,0.16,0.33,0.57
655,霍尼韦尔(US),HON,2023-12-15,203.85,203.4,205.05,202.44,7523488,1530711872.0,1.28,0.0,-0.01,1.14
656,霍尼韦尔(US),HON,2023-12-18,204.01,205.1,205.45,203.48,2970685,608741776.0,0.97,0.84,1.7,0.45
657,霍尼韦尔(US),HON,2023-12-19,204.53,204.6,205.07,203.49,2596931,530852800.0,0.77,-0.24,-0.5,0.39
658,霍尼韦尔(US),HON,2023-12-20,203.71,202.9,205.37,202.84,3349631,682352160.0,1.24,-0.83,-1.7,0.51
659,霍尼韦尔(US),HON,2023-12-21,203.79,205.05,205.21,203.43,2158664,442008208.0,0.88,1.06,2.15,0.33
660,霍尼韦尔(US),HON,2023-12-22,205.05,205.64,207.16,204.96,1889800,389072160.0,1.07,0.29,0.59,0.29
661,霍尼韦尔(US),HON,2023-12-26,206.14,208.04,208.55,205.79,1860306,386493312.0,1.34,1.17,2.4,0.28
662,霍尼韦尔(US),HON,2023-12-27,207.16,209.02,209.66,207.16,2340215,489011248.0,1.2,0.47,0.98,0.35
663,霍尼韦尔(US),HON,2023-12-28,209.32,209.17,209.97,208.83,1647683,344932544.0,0.55,0.07,0.15,0.25
664,霍尼韦尔(US),HON,2023-12-29,209.22,209.71,210.17,208.91,2256443,473148496.0,0.6,0.26,0.54,0.34
